"ID","Pedigree","INDV","F_MISS","Comments_isu_gb","Comments_note"
"Ames 10249","GA212","Ames10249:250033148",0.259815,"other","ok"
"Ames 10252","GA222","Ames10252:250033235",0.24278,"other","ok"
"Ames 10254","GE54","Ames10254:250033198",0.219847,"other","ok"
"Ames 10255","GE72","Ames10255:250033271",0.217631,"other","ok"
"Ames 10256","GE129","Ames10256:250033096",0.286512,"other","ok"
"Ames 10261","GE335","Ames10261:250033107",0.222343,"other","ok"
"Ames 10265","L 678","Ames10265:250035124",0.323681,"other","ok"
"Ames 10271","SC84E","Ames10271:250031710",0.209206,"other","ok"
"Ames 10272","SC90","Ames10272:250033211",0.271388,"other","ok"
"Ames 10273","SC102","Ames10273:250031771",0.257537,"other","ok"
"Ames 10274","SC144","Ames10274:250033192",0.394383,"other","ok"
"Ames 10277","SC235","Ames10277:250033095",0.328719,"other","ok"
"Ames 10287","ABPl 3","Ames10287:250032568",0.299359,"other","ok"
"Ames 12727","NC83","Ames12727:250035100",0.315256,"other","ok"
"Ames 12728","NC220","Ames12728:250032927",0.226429,"other","ok"
"Ames 12729","NC222","Ames12729:250033110",0.205982,"other","ok"
"Ames 12730","NC224","Ames12730:250033034",0.294813,"other","ok"
"Ames 12731","NC230","Ames12731:250032800",0.198831,"other","ok"
"Ames 12740","NC248","Ames12740:250033043",0.2231,"other","ok"
"Ames 12814","89S4083","Ames12814:250031891",0.232105,"other","ok"
"Ames 12815","89S4098","Ames12815:250031896",0.0563323,"other","ok"
"Ames 12816","89S4107","Ames12816:250041743",0.290741,"other","ok"
"Ames 12817","89S4110","Ames12817:250031903",0.244747,"other","ok"
"Ames 12818","89S4117","Ames12818:250041678",0.0653375,"other","ok"
"Ames 12819","89S4125","Ames12819:250031873",0.240938,"other","ok"
"Ames 12820","89S4127","Ames12820:250033583",0.199565,"other","ok"
"Ames 12821","89S4145","Ames12821:250031934",0.294845,"other","ok"
"Ames 12822","89S4154","Ames12822:250033599",0.185134,"other","ok"
"Ames 12823","89S4157","Ames12823:250033553",0.202201,"other","ok"
"Ames 12824","89S4190","Ames12824:250031960",0.0959219,"other","ok"
"Ames 14112","Va3A","Ames14112:250031426",0.261089,"other","ok"
"Ames 14113","Va12C","Ames14113:250032833",0.183398,"other","ok"
"Ames 14114","Va14A","Ames14114:250032791",0.173179,"other","ok"
"Ames 14115","Va35C","Ames14115:250034754",0.136653,"other","ok"
"Ames 14116","Va36A","Ames14116:250033794",0.149207,"other","ok"
"Ames 14211","EAST 028 WHITE COB","Ames14211:250031517",0.226672,"other","ok"
"Ames 18999","Ab28A","Ames18999:250032813",0.228086,"other","ok"
"Ames 19000","VaW6","Ames19000:250031259",0.264866,"other","ok"
"Ames 19001","Va16","Ames19001:250034888",0.183752,"other","ok"
"Ames 19002","Va17","Ames19002:250033017",0.1359,"other","ok"
"Ames 19003","Va18A","Ames19003:250033145",0.192006,"other","ok"
"Ames 19004","Va21A","Ames19004:250033179",0.41547,"other","ok"
"Ames 19006","Va22B","Ames19006:250031408",0.154733,"other","ok"
"Ames 19007","Va23","Ames19007:250031290",0.157434,"other","ok"
"Ames 19008","Va24","Ames19008:250041562",0.149542,"other","ok"
"Ames 19009","Va30","Ames19009:250033582",0.131086,"other","ok"
"Ames 19010","Va37","Ames19010:250034541",0.22921,"other","ok"
"Ames 19011","Va38","Ames19011:250031433",0.237305,"other","ok"
"Ames 19012","Va39","Ames19012:250033821",0.152335,"other","ok"
"Ames 19013","Va46","Ames19013:250033793",0.160902,"other","ok"
"Ames 19014","Va52","Ames19014:250033702",0.116789,"other","ok"
"Ames 19016","Va59","Ames19016:250041550",0.152433,"other","ok"
"Ames 19017","Va60","Ames19017:250033742",0.209362,"other","ok"
"Ames 19019","Va91","Ames19019:250033836",0.148041,"other","ok"
"Ames 19283","B37 TRf","Ames19283:250031118",0.0907409,"other","ok"
"Ames 19284","C103","Ames19284:250032795",0.111128,"other","ok"
"Ames 19287","Mo17TRf","Ames19287:250031541",0.103028,"other","ok"
"Ames 19288","Oh43","Ames19288:250041724",0.0913981,"other","ok"
"Ames 19293","Wf9","Ames19293:250031532",0.099956,"other","ok"
"Ames 19308","A634","Ames19308:250033343",0.110923,"other","ok"
"Ames 19309","A635","Ames19309:250031394",0.0875262,"other","ok"
"Ames 19313","C123","Ames19313:250033682",0.16514,"other","ok"
"Ames 19316","CM174","Ames19316:250032221",0.0944433,"other","ok"
"Ames 19318","H107","Ames19318:250031436",0.139029,"other","ok"
"Ames 19319","H95","Ames19319:250033727",0.152338,"other","ok"
"Ames 19321","N28","Ames19321:250031444",0.154544,"other","ok"
"Ames 19323","Oh7B","Ames19323:250032910",0.102324,"other","ok"
"Ames 19324","Pa871","Ames19324:250031199",0.204774,"other","ok"
"Ames 19326","R168","Ames19326:250033412",0.14893,"other","ok"
"Ames 19327","Tx303","Ames19327:250042351",0.125327,"other","ok"
"Ames 19328","Va22","Ames19328:250031547",0.160626,"other","ok"
"Ames 19330","W182B","Ames19330:250034745",0.135665,"other","ok"
"Ames 20118","Mo25W","Ames20118:250033181",0.243583,"other","ok"
"Ames 20120","Mo42","Ames20120:250031157",0.107745,"other","ok"
"Ames 20136","H21W","Ames20136:250030992",0.411996,"other","ok"
"Ames 20137","H25W","Ames20137:250030999",0.25017,"other","ok"
"Ames 20140","Mt42","Ames20140:250032343",0.288603,"other","ok"
"Ames 21095","R12","Ames21095:250031537",0.311561,"other","ok"
"Ames 21096","R35","Ames21096:250032520",0.267167,"other","ok"
"Ames 21512","CI31A","Ames21512:250035113",0.215598,"other","ok"
"Ames 22441","CH157","Ames22441:250032253",0.308628,"other","ok"
"Ames 22442","Ms100","Ames22442:250032551",0.207891,"other","ok"
"Ames 22747","CM48","Ames22747:250032296",0.212521,"other","ok"
"Ames 22748","H100","Ames22748:250031306",0.139592,"other","ok"
"Ames 22751","H114","Ames22751:250033739",0.114544,"other","ok"
"Ames 22752","H119","Ames22752:250033852",0.073588,"other","ok"
"Ames 22753","H123","Ames22753:250031531",0.0570223,"other","ok"
"Ames 22754","K55","Ames22754:250031565",0.145923,"other","ok"
"Ames 22756","Os426","Ames22756:250031925",0.291072,"other","ok"
"Ames 22757","Pa405","Ames22757:250033587",0.141107,"other","ok"
"Ames 22759","Tx29A","Ames22759:250042450",0.405796,"other","ok"
"Ames 22760","Tx71","Ames22760:250032200",0.318761,"other","ok"
"Ames 22762","Tx118","Ames22762:250031821",0.162971,"other","ok"
"Ames 22765","Tx738","Ames22765:250042431",0.179093,"other","ok"
"Ames 22766","Tx817w","Ames22766:250032079",0.259372,"other","ok"
"Ames 22767","W59E","Ames22767:250031911",0.199856,"other","ok"
"Ames 22792","ABPl 2","Ames22792:250034854",0.29164,"other","ok"
"Ames 22793","ABPl 4","Ames22793:250034872",0.228589,"other","ok"
"Ames 22794","ABPl 5","Ames22794:250034747",0.107382,"other","ok"
"Ames 2327","Lai 1029","Ames2327:250031291",0.134612,"other","ok"
"Ames 2328","North 7","Ames2328:250031527",0.23123,"other","ok"
"Ames 2329","SW 322","Ames2329:250031666",0.211707,"other","ok"
"Ames 2330","East 028","Ames2330:250033592",0.251092,"other","ok"
"Ames 2331","Yellow 3-4","Ames2331:250032832",0.380125,"other","ok"
"Ames 2332","Bei 10 = North 10","Ames2332:250031367",0.276322,"other","ok"
"Ames 2333","Yong 28","Ames2333:250031874",0.382325,"other","ok"
"Ames 2334","Yong 28 (br2)","Ames2334:250033543",0.32019,"other","ok"
"Ames 2335","Ye 4","Ames2335:250031923",0.0840135,"other","ok"
"Ames 2336","52220","Ames2336:250031533",0.247792,"other","ok"
"Ames 2337","Huanyao","Ames2337:250031554",0.0867015,"other","ok"
"Ames 2338","(Twan x Tzuh)-S6","Ames2338:250033662",0.276844,"other","ok"
"Ames 23389","A15","Ames23389:250031886",0.256479,"other","ok"
"Ames 2339","Huobai","Ames2339:250033815",0.208545,"other","ok"
"Ames 23391","A34","Ames23391:250034746",0.330051,"other","ok"
"Ames 23392","A90","Ames23392:250032393",0.21047,"other","ok"
"Ames 23393","A96","Ames23393:250034806",0.211938,"other","ok"
"Ames 23394","A116","Ames23394:250034877",0.205207,"other","ok"
"Ames 23395","A152","Ames23395:250034945",0.200554,"other","ok"
"Ames 23396","A155","Ames23396:250032391",0.216019,"other","ok"
"Ames 23397","A158","Ames23397:250034840",0.203296,"other","ok"
"Ames 23398","A166","Ames23398:250034722",0.225922,"other","ok"
"Ames 23399","A201","Ames23399:250033163",0.177853,"other","ok"
"Ames 2340","WFg 3-9","Ames2340:250034668",0.251345,"other","ok"
"Ames 23400","A203","Ames23400:250034570",0.165751,"other","ok"
"Ames 23401","A204","Ames23401:250032458",0.193893,"other","ok"
"Ames 23402","A208","Ames23402:250034979",0.181946,"other","ok"
"Ames 23403","A218","Ames23403:250032385",0.199576,"other","ok"
"Ames 23404","A223","Ames23404:250033716",0.158453,"other","ok"
"Ames 23405","A239","Ames23405:250032535",0.214026,"other","ok"
"Ames 23406","A251","Ames23406:250032412",0.188569,"other","ok"
"Ames 23407","A257","Ames23407:250032472",0.150481,"other","ok"
"Ames 23408","A260","Ames23408:250034827",0.227452,"other","ok"
"Ames 23409","A264","Ames23409:250034833",0.236912,"other","ok"
"Ames 2341","S330","Ames2341:250031415",0.174481,"other","ok"
"Ames 23410","A265","Ames23410:250034878",0.228885,"other","ok"
"Ames 23413","A286","Ames23413:250034591",0.159683,"other","ok"
"Ames 23414","A288","Ames23414:250032557",0.169883,"other","ok"
"Ames 23415","A295","Ames23415:250034736",0.173693,"other","ok"
"Ames 23417","A305","Ames23417:250032420",0.230373,"other","ok"
"Ames 23418","A308","Ames23418:250032507",0.291903,"other","ok"
"Ames 23419","A310","Ames23419:250034814",0.32783,"other","ok"
"Ames 23420","A312","Ames23420:250032541",0.279052,"other","ok"
"Ames 23421","A321","Ames23421:250032456",0.158586,"other","ok"
"Ames 23422","A322","Ames23422:250032410",0.301467,"other","ok"
"Ames 23423","A334","Ames23423:250032440",0.276696,"other","ok"
"Ames 23424","A340","Ames23424:250032464",0.211391,"other","ok"
"Ames 23425","A344","Ames23425:250034582",0.172048,"other","ok"
"Ames 23426","A357","Ames23426:250032399",0.267206,"other","ok"
"Ames 23427","A374","Ames23427:250034842",0.164814,"other","ok"
"Ames 23428","A375","Ames23428:250041451",0.1615,"other","ok"
"Ames 23429","A385","Ames23429:250034847",0.256593,"other","ok"
"Ames 23430","A401","Ames23430:250032597",0.254122,"other","ok"
"Ames 23431","A407","Ames23431:250032465",0.172669,"other","ok"
"Ames 23433","A422","Ames23433:250032537",0.259684,"other","ok"
"Ames 23434","A424","Ames23434:250032347",0.17057,"other","ok"
"Ames 23435","A427","Ames23435:250032453",0.366698,"other","ok"
"Ames 23436","A449","Ames23436:250035218",0.211512,"other","ok"
"Ames 23437","A450","Ames23437:250034832",0.21401,"other","ok"
"Ames 23438","A451","Ames23438:250032401",0.243733,"other","ok"
"Ames 23439","A480","Ames23439:250034586",0.204924,"other","ok"
"Ames 23440","A495","Ames23440:250033269",0.231596,"other","ok"
"Ames 23441","A497","Ames23441:250032508",0.2124,"other","ok"
"Ames 23442","A498","Ames23442:250034672",0.200604,"other","ok"
"Ames 23443","A499","Ames23443:250033336",0.198882,"other","ok"
"Ames 23444","A500","Ames23444:250032336",0.206361,"other","ok"
"Ames 23445","A502","Ames23445:250032348",0.218389,"other","ok"
"Ames 23446","A508","Ames23446:250032437",0.198598,"other","ok"
"Ames 23447","A509","Ames23447:250032575",0.201881,"other","ok"
"Ames 23448","A547","Ames23448:250032403",0.169668,"other","ok"
"Ames 23449","A548","Ames23449:250032536",0.186752,"other","ok"
"Ames 23450","A556","Ames23450:250033472",0.235329,"other","ok"
"Ames 23451","A572","Ames23451:250034815",0.264211,"other","ok"
"Ames 23452","A575","Ames23452:250034559",0.194121,"other","ok"
"Ames 23455","A588","Ames23455:250032387",0.152105,"other","ok"
"Ames 23456","A617","Ames23456:250033425",0.211134,"other","ok"
"Ames 23457","A618","Ames23457:250032518",0.1916,"other","ok"
"Ames 23458","A619HT","Ames23458:250033051",0.104242,"other","ok"
"Ames 23459","A622","Ames23459:250033693",0.301494,"other","ok"
"Ames 23460","A624","Ames23460:250034730",0.217166,"other","ok"
"Ames 23461","A625","Ames23461:250032595",0.225091,"other","ok"
"Ames 23463","A627","Ames23463:250032436",0.177511,"other","ok"
"Ames 23464","A628","Ames23464:250032533",0.175857,"other","ok"
"Ames 23465","A629","Ames23465:250033080",0.106562,"other","ok"
"Ames 23466","A630","Ames23466:250032558",0.115241,"other","ok"
"Ames 23467","A631","Ames23467:250032581",0.119499,"other","ok"
"Ames 23468","A632HT","Ames23468:250032510",0.0872644,"other","ok"
"Ames 23469","A632HTN","Ames23469:250031880",0.0963416,"other","ok"
"Ames 23470","A632RpRp","Ames23470:250033601",0.0921803,"other","ok"
"Ames 23471","A633","Ames23471:250032473",0.0856999,"other","ok"
"Ames 23473","A635RpRp","Ames23473:250034738",0.091626,"other","ok"
"Ames 23474","A636","Ames23474:250032426",0.0932625,"other","ok"
"Ames 23475","A637","Ames23475:250032324",0.148322,"other","ok"
"Ames 23476","A638","Ames23476:250032381",0.117452,"other","ok"
"Ames 23477","A640","Ames23477:250034957",0.374019,"other","ok"
"Ames 23478","A643","Ames23478:250032592",0.220127,"other","ok"
"Ames 23479","A644","Ames23479:250032422",0.206844,"other","ok"
"Ames 23480","A645","Ames23480:250032452",0.139077,"other","ok"
"Ames 23481","A646","Ames23481:250034793",0.139334,"other","ok"
"Ames 23482","A649","Ames23482:250034623",0.168943,"other","ok"
"Ames 23483","A650","Ames23483:250032532",0.158908,"other","ok"
"Ames 23484","A651","Ames23484:250032571",0.263747,"other","ok"
"Ames 23485","A652","Ames23485:250032419",0.151943,"other","ok"
"Ames 23486","A653","Ames23486:250034692",0.150291,"other","ok"
"Ames 23487","A655","Ames23487:250041459",0.179239,"other","ok"
"Ames 23488","A656","Ames23488:250032572",0.144535,"other","ok"
"Ames 23490","A666","Ames23490:250032413",0.179284,"other","ok"
"Ames 23491","A667","Ames23491:250032554",0.205398,"other","ok"
"Ames 23492","A668","Ames23492:250034868",0.186939,"other","ok"
"Ames 23493","A669","Ames23493:250033720",0.133108,"other","ok"
"Ames 23494","A670","Ames23494:250034838",0.103279,"other","ok"
"Ames 23495","A671","Ames23495:250034605",0.231713,"other","ok"
"Ames 23496","A672","Ames23496:250041437",0.155646,"other","ok"
"Ames 23497","A673","Ames23497:250032466",0.220221,"other","ok"
"Ames 23498","A674","Ames23498:250034867",0.325857,"other","ok"
"Ames 23499","A675","Ames23499:250034817",0.129275,"other","ok"
"Ames 23500","A676","Ames23500:250032457",0.176245,"other","ok"
"Ames 23501","A677","Ames23501:250032524",0.155853,"other","ok"
"Ames 23502","A678","Ames23502:250032598",0.209192,"other","ok"
"Ames 23503","A680","Ames23503:250031669",0.0453228,"other","ok"
"Ames 23504","A681","Ames23504:250034844",0.0647641,"other","ok"
"Ames 23505","A683","Ames23505:250032596",0.10204,"other","ok"
"Ames 23922","Oh51A","Ames23922:250031916",0.217925,"other","ok"
"Ames 23924","Tx706","Ames23924:250032070",0.262666,"other","ok"
"Ames 24585","CG10","Ames24585:250035216",0.222065,"other","ok"
"Ames 24589","I159","Ames24589:250033745",0.166385,"other","ok"
"Ames 24590","I198","Ames24590:250031374",0.339634,"other","ok"
"Ames 24704","MS1","Ames24704:250034761",0.157249,"other","ok"
"Ames 24705","MS4","Ames24705:250032408",0.411124,"other","ok"
"Ames 24706","MS12","Ames24706:250032451",0.240281,"other","ok"
"Ames 24707","MS24","Ames24707:250034758",0.285835,"other","ok"
"Ames 24708","MS24A","Ames24708:250032562",0.293833,"other","ok"
"Ames 24709","MS57","Ames24709:250032528",0.222526,"other","ok"
"Ames 24710","MS67","Ames24710:250034673",0.213875,"other","ok"
"Ames 24711","MS68","Ames24711:250032545",0.174168,"other","ok"
"Ames 24712","MS71","Ames24712:250041424",0.113381,"other","ok"
"Ames 24713","MS72","Ames24713:250034804",0.282098,"other","ok"
"Ames 24714","MS74","Ames24714:250034680",0.203347,"other","ok"
"Ames 24715","MS75","Ames24715:250034679",0.165418,"other","ok"
"Ames 24716","MS76","Ames24716:250032388",0.119161,"other","ok"
"Ames 24717","MS77","Ames24717:250032544",0.446183,"other","ok"
"Ames 24718","MS78","Ames24718:250034760",0.0939494,"other","ok"
"Ames 24719","MS79","Ames24719:250032587",0.109197,"other","ok"
"Ames 24720","MS80","Ames24720:250040775",0.140377,"other","ok"
"Ames 24722","MS89","Ames24722:250034811",0.169983,"other","ok"
"Ames 24723","MS91","Ames24723:250032269",0.267571,"other","ok"
"Ames 24724","MS92","Ames24724:250032567",0.197651,"other","ok"
"Ames 24725","MS93","Ames24725:250032585",0.217533,"other","ok"
"Ames 24726","MS100","Ames24726:250034803",0.21941,"other","ok"
"Ames 24727","MS106","Ames24727:250032402",0.195569,"other","ok"
"Ames 24728","MS107","Ames24728:250041472",0.305872,"other","ok"
"Ames 24729","MS116","Ames24729:250033552",0.359566,"other","ok"
"Ames 24730","MS132","Ames24730:250033197",0.166063,"other","ok"
"Ames 24732","MS141","Ames24732:250032433",0.350114,"other","ok"
"Ames 24733","MS142","Ames24733:250032570",0.258592,"other","ok"
"Ames 24734","MS153","Ames24734:250034693",0.359696,"other","ok"
"Ames 24735","MS198","Ames24735:250032583",0.118657,"other","ok"
"Ames 24736","MS199","Ames24736:250034855",0.204281,"other","ok"
"Ames 24737","MS200","Ames24737:250032445",0.270128,"other","ok"
"Ames 24738","MS201","Ames24738:250032546",0.160757,"other","ok"
"Ames 24739","MS203","Ames24739:250033603",0.182572,"other","ok"
"Ames 24740","MS204","Ames24740:250032380",0.249307,"other","ok"
"Ames 24741","MS206","Ames24741:250032409",0.388542,"other","ok"
"Ames 24742","MS211","Ames24742:250032447",0.2812,"other","ok"
"Ames 24743","MS214","Ames24743:250032553",0.204391,"other","ok"
"Ames 24744","MS215","Ames24744:250034928",0.25937,"other","ok"
"Ames 24745","MS216","Ames24745:250032439",0.200802,"other","ok"
"Ames 24746","MS221","Ames24746:250034629",0.15563,"other","ok"
"Ames 24747","MS222","Ames24747:250032582",0.178078,"other","ok"
"Ames 24748","MS223","Ames24748:250032522",0.168485,"other","ok"
"Ames 24749","MS224","Ames24749:250034839",0.188771,"other","ok"
"Ames 24750","MS225","Ames24750:250040794",0.130716,"other","ok"
"Ames 24751","MS226","Ames24751:250032432",0.164731,"other","ok"
"Ames 24752","MS1334","Ames24752:250032512",0.272956,"other","ok"
"Ames 24989","Va99","Ames24989:250033695",0.162554,"other","ok"
"Ames 25219","A619Ht1","Ames25219:250034741",0.104419,"other","ok"
"Ames 25220","A619Ht2","Ames25220:250033789",0.105893,"other","ok"
"Ames 25221","A619Ht3","Ames25221:250033683",0.104949,"other","ok"
"Ames 2523","38-11R PARENT HB 19 INB","Ames2523:250032199",0.16825,"other","ok"
"Ames 25372","Pa91HT1","Ames25372:250034986",0.133901,"other","ok"
"Ames 25373","Pa91HT2","Ames25373:250035128",0.141447,"other","ok"
"Ames 25374","Pa91HT3","Ames25374:250031254",0.146219,"other","ok"
"Ames 25559","H60","Ames25559:250031530",0.206564,"other","ok"
"Ames 26021","P8","Ames26021:250034725",0.274897,"other","ok"
"Ames 26028","CI 540","Ames26028:250031141",0.16802,"other","ok"
"Ames 26114","CI 1","Ames26114:250031311",0.285549,"other","ok"
"Ames 26115","CI 2","Ames26115:250035120",0.215833,"other","ok"
"Ames 26116","CI 3A","Ames26116:250031049",0.213922,"other","ok"
"Ames 26118","CI 11B","Ames26118:250035054",0.276606,"other","ok"
"Ames 26119","CI 19","Ames26119:250035075",0.338413,"other","ok"
"Ames 26120","CI 20","Ames26120:250034828",0.316052,"other","ok"
"Ames 26121","CI 28","Ames26121:250034981",0.166659,"other","ok"
"Ames 26122","CI 28B","Ames26122:250031069",0.165701,"other","ok"
"Ames 26123","CI 28C","Ames26123:250031140",0.189912,"other","ok"
"Ames 26124","CI 30","Ames26124:250031025",0.201694,"other","ok"
"Ames 26125","CI 31","Ames26125:250034887",0.216787,"other","ok"
"Ames 26126","CI 32","Ames26126:250031190",0.175573,"other","ok"
"Ames 26127","CI 34","Ames26127:250031185",0.217536,"other","ok"
"Ames 26128","CI 40H","Ames26128:250034974",0.205212,"other","ok"
"Ames 26129","CI 41","Ames26129:250031037",0.361813,"other","ok"
"Ames 26130","CI 46","Ames26130:250034927",0.2912,"other","ok"
"Ames 26131","CI 70","Ames26131:250030993",0.334937,"other","ok"
"Ames 26133","CI 74","Ames26133:250035052",0.34974,"other","ok"
"Ames 26134","CI 75","Ames26134:250034953",0.215631,"other","ok"
"Ames 26135","CI 82B","Ames26135:250035082",0.310327,"other","ok"
"Ames 26136","CI 84B","Ames26136:250034994",0.29482,"other","ok"
"Ames 26137","CI 91C","Ames26137:250034934",0.281223,"other","ok"
"Ames 26138","CI 187-2","Ames26138:250033099",0.122494,"other","ok"
"Ames 26604","38-11","Ames26604:250033399",0.131759,"other","ok"
"Ames 26741","WX187-2","Ames26741:250033839",0.15709,"other","ok"
"Ames 26742","WX33-16","Ames26742:250033733",0.17039,"other","ok"
"Ames 26743","WX38-11","Ames26743:250033792",0.138417,"other","ok"
"Ames 26744","WXB14","Ames26744:250031397",0.0727072,"other","ok"
"Ames 26745","WXB6","Ames26745:250033805",0.222817,"other","ok"
"Ames 26746","WXHy","Ames26746:250031582",0.129353,"other","ok"
"Ames 26747","WXI198","Ames26747:250031650",0.22551,"other","ok"
"Ames 26748","WXI205","Ames26748:250033721",0.187141,"other","ok"
"Ames 26749","WXK41","Ames26749:250031315",0.300813,"other","ok"
"Ames 26750","WXK44","Ames26750:250031251",0.28029,"other","ok"
"Ames 26751","WXK55","Ames26751:250031420",0.142124,"other","ok"
"Ames 26752","WXK64","Ames26752:250033652",0.156347,"other","ok"
"Ames 26753","WXL289","Ames26753:250031692",0.40352,"other","ok"
"Ames 26754","WXL317","Ames26754:250033799",0.173792,"other","ok"
"Ames 26755","WXM14","Ames26755:250031580",0.141043,"other","ok"
"Ames 26756","WXOs420","Ames26756:250031933",0.186695,"other","ok"
"Ames 26757","WXW22","Ames26757:250033725",0.110508,"other","ok"
"Ames 26758","WXWF9","Ames26758:250040763",0.0996603,"other","ok"
"Ames 26767","W64A ae","Ames26767:250031459",0.104885,"other","ok"
"Ames 26768","W64A ae/wx","Ames26768:250033856",0.10996,"other","ok"
"Ames 26770","66","Ames26770:250031038",0.263097,"other","ok"
"Ames 26771","33-16","Ames26771:250032036",0.168298,"other","ok"
"Ames 26772","H5","Ames26772:250031327",0.14297,"other","ok"
"Ames 26773","H10","Ames26773:250031015",0.125362,"other","ok"
"Ames 26774","H14","Ames26774:250033529",0.223487,"other","ok"
"Ames 26775","H19","Ames26775:250034670",0.371283,"other","ok"
"Ames 26776","H22w","Ames26776:250031156",0.324932,"other","ok"
"Ames 26777","H23w","Ames26777:250034976",0.228728,"other","ok"
"Ames 26778","H26w","Ames26778:250034568",0.294554,"other","ok"
"Ames 26779","H27w","Ames26779:250035088",0.253958,"other","ok"
"Ames 26780","H28w","Ames26780:250035068",0.189066,"other","ok"
"Ames 26781","H29w","Ames26781:250034873",0.157189,"other","ok"
"Ames 26782","H30w","Ames26782:250031073",0.139468,"other","ok"
"Ames 26783","H41","Ames26783:250033734",0.177884,"other","ok"
"Ames 26784","H42","Ames26784:250031694",0.127417,"other","ok"
"Ames 26785","H45","Ames26785:250033820",0.123599,"other","ok"
"Ames 26786","H46","Ames26786:250031382",0.135642,"other","ok"
"Ames 26787","H49","Ames26787:250033850",0.15186,"other","ok"
"Ames 26788","H50","Ames26788:250031403",0.136383,"other","ok"
"Ames 26789","H51","Ames26789:250031618",0.161525,"other","ok"
"Ames 26791","H55","Ames26791:250031494",0.143037,"other","ok"
"Ames 26793","H71","Ames26793:250033860",0.122367,"other","ok"
"Ames 26794","H73","Ames26794:250034719",0.241967,"other","ok"
"Ames 26795","H88","Ames26795:250031691",0.135821,"other","ok"
"Ames 26796","H93","Ames26796:250031437",0.0897616,"other","ok"
"Ames 26797","H96","Ames26797:250031511",0.148115,"other","ok"
"Ames 26798","H98","Ames26798:250031326",0.122414,"other","ok"
"Ames 26800","H106w","Ames26800:250031557",0.161217,"other","ok"
"Ames 26801","H108","Ames26801:250033801",0.0833468,"other","ok"
"Ames 26802","H109","Ames26802:250033803",0.0779369,"other","ok"
"Ames 26803","H113","Ames26803:250033724",0.188868,"other","ok"
"Ames 26804","H121","Ames26804:250031495",0.228233,"other","ok"
"Ames 26805","H122w","Ames26805:250031585",0.0758054,"other","ok"
"Ames 26806","H124w","Ames26806:250031307",0.221414,"other","ok"
"Ames 26808","Ill.Hy","Ames26808:250040784",0.12801,"other","ok"
"Ames 26909","Mo41","Ames26909:250031122",0.101745,"other","ok"
"Ames 27018","CH711-10","Ames27018:250033460",0.113929,"other","ok"
"Ames 27019","CH732-12","Ames27019:250032438",0.126086,"other","ok"
"Ames 27020","CH741-6","Ames27020:250032550",0.131229,"other","ok"
"Ames 27021","CH753-4","Ames27021:250032463",0.0992427,"other","ok"
"Ames 27024","CL17","Ames27024:250034749",0.279104,"other","ok"
"Ames 27025","CL18","Ames27025:250035226",0.331542,"other","ok"
"Ames 27026","CL19","Ames27026:250032509",0.324629,"other","ok"
"Ames 27029","CL27","Ames27029:250032586",0.346739,"other","ok"
"Ames 27031","CM99","Ames27031:250035268",0.0890143,"other","ok"
"Ames 27032","CM145","Ames27032:250034602",0.180142,"other","ok"
"Ames 27034","CM155","Ames27034:250032150",0.0952722,"other","ok"
"Ames 27036","CM182","Ames27036:250032304",0.237987,"other","ok"
"Ames 27037","CM234","Ames27037:250035251",0.334448,"other","ok"
"Ames 27038","CMV3","Ames27038:250035232",0.173228,"other","ok"
"Ames 27039","CO117","Ames27039:250032217",0.199268,"other","ok"
"Ames 27040","CO120","Ames27040:250032261",0.297378,"other","ok"
"Ames 27041","CO150","Ames27041:250035261",0.238383,"other","ok"
"Ames 27042","CO158","Ames27042:250035195",0.328658,"other","ok"
"Ames 27043","CO192","Ames27043:250032216",0.281387,"other","ok"
"Ames 27044","CO216","Ames27044:250032325",0.442967,"other","ok"
"Ames 27045","CO220","Ames27045:250035267",0.0885013,"other","ok"
"Ames 27046","CO236","Ames27046:250035213",0.244474,"other","ok"
"Ames 27048","CO245","Ames27048:250032326",0.237552,"other","ok"
"Ames 27049","CO252","Ames27049:250035190",0.211502,"other","ok"
"Ames 27050","CO255","Ames27050:250035187",0.357977,"other","ok"
"Ames 27051","CO256","Ames27051:250032283",0.195171,"other","ok"
"Ames 27052","CO257","Ames27052:250035197",0.16487,"other","ok"
"Ames 27053","CO258","Ames27053:250032316",0.164537,"other","ok"
"Ames 27057","CSJ3","Ames27057:250040778",0.154357,"other","ok"
"Ames 27064","A441-5","Ames27064:250032809",0.356809,"other","ok"
"Ames 27065","B73Htrhm","Ames27065:250031573",0.0174857,"other","ok"
"Ames 27066","B164","Ames27066:250032840",0.210391,"other","ok"
"Ames 27067","C49A","Ames27067:250034603",0.211279,"other","ok"
"Ames 27068","CH9","Ames27068:250034794",0.189093,"other","ok"
"Ames 27069","CH701-30","Ames27069:250032425",0.275392,"other","ok"
"Ames 27070","CM7","Ames27070:250032341",0.244097,"other","ok"
"Ames 27081","CML 103","Ames27081:250033463",0.124893,"other","ok"
"Ames 27082","CML 108","Ames27082:250032044",0.164362,"other","ok"
"Ames 27083","CML 154Q","Ames27083:250032026",0.185011,"other","ok"
"Ames 27087","CML 220","Ames27087:250033483",0.238008,"other","ok"
"Ames 27096","CML 322","Ames27096:250033461",0.111763,"other","ok"
"Ames 27097","CML 323","Ames27097:250033321",0.149733,"other","ok"
"Ames 27098","CML 328","Ames27098:250032038",0.263094,"other","ok"
"Ames 27101","CML 333","Ames27101:250033346",0.122455,"other","ok"
"Ames 27104","CMV3","Ames27104:250032140",0.173002,"other","ok"
"Ames 27105","CO106","Ames27105:250032276",0.187213,"other","ok"
"Ames 27106","CO125","Ames27106:250035193",0.126196,"other","ok"
"Ames 27107","CO255","Ames27107:250032340",0.192282,"other","ok"
"Ames 27111","EP1","Ames27111:250033488",0.207968,"other","ok"
"Ames 27112","F2834T","Ames27112:250033030",0.264867,"other","ok"
"Ames 27114","H91","Ames27114:250031515",0.083049,"other","ok"
"Ames 27116","I137TN","Ames27116:250032976",0.176724,"other","ok"
"Ames 27121","K64","Ames27121:250031178",0.156871,"other","ok"
"Ames 27122","K148","Ames27122:250032762",0.31768,"other","ok"
"Ames 27123","Ki3","Ames27123:250031879",0.100413,"other","ok"
"Ames 27130","Ky21","Ames27130:250032034",0.112517,"other","ok"
"Ames 27132","L578","Ames27132:250033279",0.270314,"other","ok"
"Ames 27133","M37W","Ames27133:250032830",0.103355,"other","ok"
"Ames 27135","MEF156-55-2","Ames27135:250042559",0.250866,"other","ok"
"Ames 27136","Mo.G","Ames27136:250033044",0.388901,"other","ok"
"Ames 27137","N6","Ames27137:250033666",0.121822,"other","ok"
"Ames 27138","N28Ht","Ames27138:250031505",0.143032,"other","ok"
"Ames 27140","NC260","Ames27140:250034930",0.154085,"other","ok"
"Ames 27141","NC290A","Ames27141:250031331",0.145141,"other","ok"
"Ames 27142","NC292","Ames27142:250033784",0.0302092,"other","ok"
"Ames 27143","NC294","Ames27143:250031562",0.0967179,"other","ok"
"Ames 27144","NC296","Ames27144:250032808",0.116516,"other","ok"
"Ames 27146","NC300","Ames27146:250031834",0.185347,"other","ok"
"Ames 27147","NC302","Ames27147:250033039",0.175016,"other","ok"
"Ames 27148","NC304","Ames27148:250033176",0.201263,"other","ok"
"Ames 27149","NC306","Ames27149:250034921",0.0728249,"other","ok"
"Ames 27150","NC308","Ames27150:250031126",0.0548134,"other","ok"
"Ames 27151","NC310","Ames27151:250034968",0.0488895,"other","ok"
"Ames 27152","NC312","Ames27152:250032977",0.0715328,"other","ok"
"Ames 27153","NC314","Ames27153:250034965",0.0847014,"other","ok"
"Ames 27154","NC316","Ames27154:250031026",0.0271015,"other","ok"
"Ames 27156","NC320","Ames27156:250032955",0.178941,"other","ok"
"Ames 27158","NC324","Ames27158:250031021",0.0930876,"other","ok"
"Ames 27159","NC326","Ames27159:250033605",0.0262291,"other","ok"
"Ames 27160","NC328","Ames27160:250031274",0.0398132,"other","ok"
"Ames 27161","NC330","Ames27161:250033663",0.0334197,"other","ok"
"Ames 27162","NC332","Ames27162:250032922",0.169408,"other","ok"
"Ames 27163","NC334","Ames27163:250032903",0.167591,"other","ok"
"Ames 27166","NC340","Ames27166:250032779",0.197548,"other","ok"
"Ames 27167","NC342","Ames27167:250031050",0.203189,"other","ok"
"Ames 27168","NC344","Ames27168:250033105",0.180759,"other","ok"
"Ames 27171","NC350","Ames27171:250032851",0.12372,"other","ok"
"Ames 27174","NC356","Ames27174:250033047",0.178054,"other","ok"
"Ames 27175","NC358","Ames27175:250033218",0.124571,"other","ok"
"Ames 27177","NC362","Ames27177:250031041",0.173865,"other","ok"
"Ames 27180","NC368","Ames27180:250031820",0.086285,"other","ok"
"Ames 27181","NC370","Ames27181:250033207",0.178883,"other","ok"
"Ames 27182","NC372","Ames27182:250031570",0.0274343,"other","ok"
"Ames 27183","Oh43E","Ames27183:250033548",0.1106,"other","ok"
"Ames 27184","Pa762","Ames27184:250031512",0.124363,"other","ok"
"Ames 27185","Pa875","Ames27185:250031571",0.200715,"other","ok"
"Ames 27187","R4","Ames27187:250035087",0.142168,"other","ok"
"Ames 27190","T234","Ames27190:250032962",0.312781,"other","ok"
"Ames 27191","U267Y","Ames27191:250032947",0.28887,"other","ok"
"Ames 27192","Va14","Ames27192:250032820",0.173051,"other","ok"
"Ames 27193","Va85","Ames27193:250031520",0.258236,"other","ok"
"Ames 27194","W401","Ames27194:250032569",0.211914,"other","ok"
"Ames 27196","Yu796_NS","Ames27196:250031938",0.302032,"other","ok"
"Ames 27450","LH143 (Maintainer)","Ames27450:250032292",0.0882268,"other","ok"
"Ames 27451","A632.75 A1 A2 C1 R1-r B1 Pl1","Ames27451:250032434",0.101041,"other","ok"
"Ames 28170","A619E","Ames28170:250032394",0.108788,"other","ok"
"Ames 28185","CML 77","Ames28185:250033419",0.311084,"other","ok"
"Ames 28290","C49","Ames28290:250034857",0.21155,"other","ok"
"Ames 28291","Hi27 Goodman-Buckler","Ames28291:250032807",0.228703,"other","ok"
"Ames 28360","Mo401","Ames28360:250031256",0.0836903,"other","ok"
"Ames 28361","Mo402","Ames28361:250031072",0.148052,"other","ok"
"Ames 28362","Mo403","Ames28362:250031286",0.154303,"other","ok"
"Ames 28365","CI 91B Goodman-Buckler","Ames28365:250034588",0.133451,"other","ok"
"Ames 28366","N7A Goodman-Buckler","Ames28366:250033840",0.14513,"other","ok"
"Ames 28367","CI 7 Goodman-Buckler","Ames28367:250035093",0.174469,"other","ok"
"Ames 28411","NC258A","Ames28411:250032904",0.189715,"other","ok"
"Ames 28412","NC262A","Ames28412:250031628",0.141189,"other","ok"
"Ames 28413","NC262B","Ames28413:250033838",0.141659,"other","ok"
"Ames 28414","NC266","Ames28414:250031068",0.059156,"other","ok"
"Ames 28415","NC266B","Ames28415:250031204",0.0583165,"other","ok"
"Ames 28418","NC276","Ames28418:250031193",0.0736728,"other","ok"
"Ames 28419","NC278","Ames28419:250034961",0.0888543,"other","ok"
"Ames 28420","NC278A","Ames28420:250031283",0.0901283,"other","ok"
"Ames 28421","NC280","Ames28421:250030990",0.0251925,"other","ok"
"Ames 28422","NC282","Ames28422:250034799",0.037245,"other","ok"
"Ames 28423","NC284","Ames28423:250031111",0.0308865,"other","ok"
"Ames 28424","NC286","Ames28424:250035001",0.164114,"other","ok"
"Ames 28425","NC288","Ames28425:250034861",0.152974,"other","ok"
"Ames 28426","NC290","Ames28426:250035125",0.144492,"other","ok"
"Ames 28927","Mo27W","Ames28927:250033143",0.277069,"other","ok"
"Ames 28928","Mo28W","Ames28928:250031781",0.245206,"other","ok"
"Ames 28929","Mo29W","Ames28929:250032152",0.212905,"other","ok"
"Ames 28930","Mo30W","Ames28930:250035091",0.260507,"other","ok"
"Ames 28931","Mo31W","Ames28931:250034875",0.232734,"other","ok"
"Ames 28932","Mo32W","Ames28932:250031061",0.285039,"other","ok"
"Ames 28933","Mo33W","Ames28933:250031059",0.25923,"other","ok"
"Ames 28934","Mo36","Ames28934:250035002",0.179588,"other","ok"
"Ames 28935","Mo37","Ames28935:250031036",0.280878,"other","ok"
"Ames 28936","Mo38","Ames28936:250034956",0.217112,"other","ok"
"Ames 28937","Mo39","Ames28937:250034991",0.173245,"other","ok"
"Ames 28938","Mo43","Ames28938:250031008",0.0831592,"other","ok"
"Ames 28939","Mo44","Ames28939:250031577",0.136135,"other","ok"
"Ames 28940","Mo501W","Ames28940:250034932",0.146026,"other","ok"
"Ames 28941","Mo502W","Ames28941:250035099",0.270959,"other","ok"
"Ames 28942","Mo506W","Ames28942:250035060",0.238716,"other","ok"
"Ames 28943","Mo508W","Ames28943:250034960",0.195572,"other","ok"
"Ames 28944","Mo510W","Ames28944:250031300",0.287482,"other","ok"
"Ames 28945","Mo511W","Ames28945:250031135",0.264605,"other","ok"
"Ames 28946","Mo512AW","Ames28946:250031133",0.173965,"other","ok"
"Ames 28947","Mo512BW","Ames28947:250035142",0.168805,"other","ok"
"Ames 28948","CI 4A","Ames28948:250035131",0.188336,"other","ok"
"Ames 28949","CI 12","Ames28949:250031116",0.215492,"other","ok"
"Ames 28951","CI 42B","Ames28951:250031054",0.164437,"other","ok"
"Ames 28952","CI 43","Ames28952:250034989",0.30688,"other","ok"
"Ames 28953","CI 92","Ames28953:250031121",0.358701,"other","ok"
"Ames 29394","1497-2","Ames29394:250035050",0.243114,"other","ok"
"Ames 29451","GE 440","Ames29451:250033065",0.379645,"other","ok"
"Ames 30523","MR02 (Assiniboine)","Ames30523:250041423",0.547726,"other","ok"
"Ames 30531","MR14 (Longfellow Flint)","Ames30531:250041672",0.430522,"other","ok"
"Ames 30533","MR19 (Santo Domingo)","Ames30533:250041576",0.557904,"other","ok"
"Ames 30855","CML 325","Ames30855:250041684",0.199459,"other","ok"
"Ames 30856","CML 336","Ames30856:250042336",0.155294,"other","ok"
"Ames 30857","CML 337","Ames30857:250042415",0.176328,"other","ok"
"Ames 30862","NC44","Ames30862:250042356",0.408068,"other","ok"
"Ames 30864","NC89","Ames30864:250041432",0.182783,"other","ok"
"Ames 8399","W117HT","Ames8399:250033422",0.178696,"other","ok"
"CIze 127","CI 127","CIze127:250031032",0.345425,"other","ok"
"CIze 21","CI 21E","CIze21:250031179",0.174447,"other","ok"
"CIze 23","CI 23","CIze23:250034997",0.333819,"other","ok"
"CIze 27","CI 27","CIze27:250031158",0.276688,"other","ok"
"CIze 29","CI 29B","CIze29:250031187",0.153996,"other","ok"
"CIze 317","CI 317B","CIze317:250031175",0.204087,"other","ok"
"CIze 38","CI 38B","CIze38:250031151",0.174851,"other","ok"
"CIze 40","CI 40A","CIze40:250034970",0.206679,"other","ok"
"CIze 42","CI 42A","CIze42:250034938",0.165916,"other","ok"
"CIze 45","CI45","CIze45:250034850",0.172821,"other","ok"
"CIze 49","CI 49A","CIze49:250034818",0.25998,"other","ok"
"CIze 64","CI 64","CIze64:250031064",0.137701,"other","ok"
"CIze 7","CI7","CIze7:250031321",0.224225,"other","ok"
"CIze 81","CI 81B","CIze81:250035111",0.341816,"other","ok"
"CIze 82","CI 82A","CIze82:250035102",0.270792,"other","ok"
"CIze 83","CI 83A","CIze83:250031138",0.342703,"other","ok"
"CIze 85","CI 85B","CIze85:250031044",0.350874,"other","ok"
"CIze 86","CI 86B","CIze86:250034885",0.28457,"other","ok"
"CIze 88","CI 88A","CIze88:250031001",0.470333,"other","ok"
"CIze 89","CI 89B","CIze89:250031301",0.260779,"other","ok"
"CIze 90","CI90A","CIze90:250031119",0.179962,"other","ok"
"CIze 91","CI 91B","CIze91:250034849",0.221518,"other","ok"
"NSL 117226","R802A","NSL117226:250031402",0.132546,"other","ok"
"NSL 174429","INB 101LFY/LFY (A632 X M16 S5)","NSL174429:250031643",0.116499,"other","ok"
"NSL 197104","H116","NSL197104:250031583",0.226209,"other","ok"
"NSL 197105","H117","NSL197105:250034714",0.241824,"other","ok"
"NSL 197106","H118w","NSL197106:250031690",0.396457,"other","ok"
"NSL 22628","K47","NSL22628:250032945",0.22293,"other","ok"
"NSL 22629","Oh7B","NSL22629:250032817",0.100225,"other","ok"
"NSL 22630","K150","NSL22630:250035258",0.275184,"other","ok"
"NSL 22631","K11","NSL22631:250042501",0.392105,"other","ok"
"NSL 22632","K201","NSL22632:250035014",0.254114,"other","ok"
"NSL 22633","KYS","NSL22633:250031540",0.368452,"other","ok"
"NSL 22634","K155","NSL22634:250031035",0.289386,"other","ok"
"NSL 22635","K41","NSL22635:250032981",0.313442,"other","ok"
"NSL 22983","C102","NSL22983:250033845",0.251716,"other","ok"
"NSL 22984","J47","NSL22984:250040787",0.142235,"other","ok"
"NSL 242483","R105","NSL242483:250032529",0.181813,"other","ok"
"NSL 243016","792","NSL243016:250033579",0.0847629,"other","ok"
"NSL 250299","MP307","NSL250299:250042425",0.432027,"other","ok"
"NSL 28965","Oh33","NSL28965:250031552",0.27965,"other","ok"
"NSL 28966","Oh40B","NSL28966:250033589",0.145542,"other","ok"
"NSL 28967","Oh56A","NSL28967:250033491",0.148695,"other","ok"
"NSL 28968","Oh84","NSL28968:250034567",0.299159,"other","ok"
"NSL 29282","R901","NSL29282:250040762",0.140011,"other","ok"
"NSL 29284","R902A","NSL29284:250031260",0.143148,"other","ok"
"NSL 29285","R903B","NSL29285:250041540",0.12044,"other","ok"
"NSL 29287","R941","NSL29287:250031620",0.175669,"other","ok"
"NSL 29303","R216","NSL29303:250031648",0.152137,"other","ok"
"NSL 29304","R216A","NSL29304:250042562",0.142822,"other","ok"
"NSL 29305","R218","NSL29305:250031496",0.100008,"other","ok"
"NSL 29314","R219","NSL29314:250033848",0.114583,"other","ok"
"NSL 29316","R220","NSL29316:250033555",0.148658,"other","ok"
"NSL 29317","R221","NSL29317:250031882",0.21837,"other","ok"
"NSL 29319","R222","NSL29319:250033562",0.127221,"other","ok"
"NSL 29898","R222A","NSL29898:250032968",0.120849,"other","ok"
"NSL 30046","B41","NSL30046:250035132",0.138333,"other","ok"
"NSL 30053","W22","NSL30053:250031704",0.0878823,"other","ok"
"NSL 30055","W374R2","NSL30055:250031454",0.161326,"other","ok"
"NSL 30056","W703","NSL30056:250031529",0.261799,"other","ok"
"NSL 30058","W64A","NSL30058:250033846",0.105964,"other","ok"
"NSL 30059","W153R","NSL30059:250033570",0.127723,"other","ok"
"NSL 30060","W23","NSL30060:250031308",0.149777,"other","ok"
"NSL 30062","W182B","NSL30062:250032588",0.140275,"other","ok"
"NSL 30063","W182D","NSL30063:250034801",0.128026,"other","ok"
"NSL 30064","W24","NSL30064:250031386",0.264153,"other","ok"
"NSL 30065","W9","NSL30065:250031249",0.27738,"other","ok"
"NSL 30066","WR3","NSL30066:250032454",0.305357,"other","ok"
"NSL 30067","W22R","NSL30067:250031491",0.0894786,"other","ok"
"NSL 30068","W374B","NSL30068:250041463",0.154755,"other","ok"
"NSL 30070","WM13R","NSL30070:250034869",0.184072,"other","ok"
"NSL 30071","W32","NSL30071:250033700",0.212378,"other","ok"
"NSL 30073","W37A","NSL30073:250031407",0.208722,"other","ok"
"NSL 30074","W182E","NSL30074:250032441",0.144457,"other","ok"
"NSL 30835","SD10","NSL30835:250034702",0.199057,"other","ok"
"NSL 30861","A","NSL30861:250031165",0.153489,"other","ok"
"NSL 30862","K","NSL30862:250031120",0.310736,"other","ok"
"NSL 30863","L","NSL30863:250031011",0.228079,"other","ok"
"NSL 30864","HY2","NSL30864:250034698",0.141766,"other","ok"
"NSL 30865","R2","NSL30865:250034744",0.178405,"other","ok"
"NSL 30866","R004","NSL30866:250040764",0.140929,"other","ok"
"NSL 30867","M14","NSL30867:250031956",0.131238,"other","ok"
"NSL 30868","R30","NSL30868:250032305",0.293839,"other","ok"
"NSL 30869","R53","NSL30869:250031292",0.230111,"other","ok"
"NSL 30871","R061","NSL30871:250033841",0.231523,"other","ok"
"NSL 30872","R71","NSL30872:250033847",0.150107,"other","ok"
"NSL 30873","R74","NSL30873:250034753",0.164378,"other","ok"
"NSL 30874","R75","NSL30874:250033861",0.140268,"other","ok"
"NSL 30875","R76","NSL30875:250031519",0.19157,"other","ok"
"NSL 30876","R78","NSL30876:250033813",0.25992,"other","ok"
"NSL 30877","R84","NSL30877:250031579",0.212391,"other","ok"
"NSL 30878","R101","NSL30878:250031427",0.205638,"other","ok"
"NSL 30879","R103","NSL30879:250033849",0.213498,"other","ok"
"NSL 30880","R105","NSL30880:250032459",0.188675,"other","ok"
"NSL 30883","R113","NSL30883:250034677",0.179932,"other","ok"
"NSL 30884","R134","NSL30884:250033825",0.194175,"other","ok"
"NSL 30885","R138","NSL30885:250033669",0.162343,"other","ok"
"NSL 30888","R154","NSL30888:250031572",0.159187,"other","ok"
"NSL 30890","R159","NSL30890:250033678",0.19348,"other","ok"
"NSL 30891","R168","NSL30891:250033782",0.150558,"other","ok"
"NSL 30894","R177","NSL30894:250031556",0.205962,"other","ok"
"NSL 30895","R181","NSL30895:250033816",0.191388,"other","ok"
"NSL 30896","R181B","NSL30896:250033826",0.22121,"other","ok"
"NSL 30898","R192","NSL30898:250031405",0.154054,"other","ok"
"NSL 30901","R196","NSL30901:250034742",0.146226,"other","ok"
"NSL 30902","R197","NSL30902:250031243",0.197396,"other","ok"
"NSL 30903","90","NSL30903:250034669",0.251415,"other","ok"
"NSL 30904","4226","NSL30904:250031169",0.249528,"other","ok"
"NSL 30905","5120B","NSL30905:250031383",0.324992,"other","ok"
"NSL 30906","R904A","NSL30906:250031304",0.228469,"other","ok"
"NSL 30907","R906","NSL30907:250034756",0.198762,"other","ok"
"NSL 30908","R907","NSL30908:250033684",0.159104,"other","ok"
"NSL 30909","R909","NSL30909:250034666",0.122709,"other","ok"
"NSL 30910","R914","NSL30910:250031586",0.134259,"other","ok"
"NSL 30911","R917A","NSL30911:250033787",0.171762,"other","ok"
"NSL 30912","R921E","NSL30912:250031542",0.184294,"other","ok"
"NSL 30913","R924","NSL30913:250031536",0.0693939,"other","ok"
"NSL 32720","ND33","NSL32720:250041433",0.524572,"other","ok"
"NSL 32721","ND36","NSL32721:250041482",0.623616,"other","ok"
"NSL 32722","ND255","NSL32722:250034634",0.229968,"other","ok"
"NSL 32723","ND1","NSL32723:250032220",0.30929,"other","ok"
"NSL 32725","ND211","NSL32725:250041470",0.386059,"other","ok"
"NSL 32726","ND167","NSL32726:250032209",0.222188,"other","ok"
"NSL 32727","ND-B8","NSL32727:250035241",0.253803,"other","ok"
"NSL 32728","ND230","NSL32728:250032300",0.270988,"other","ok"
"NSL 32730","ND405","NSL32730:250032254",0.213974,"other","ok"
"NSL 32731","ND385","NSL32731:250035189",0.267166,"other","ok"
"NSL 32732","ND203","NSL32732:250035237",0.240186,"other","ok"
"NSL 32733","ND376","NSL32733:250034589",0.197469,"other","ok"
"NSL 32734","ND408","NSL32734:250032159",0.214987,"other","ok"
"NSL 32736","ND480","NSL32736:250035212",0.220776,"other","ok"
"NSL 32738","ND283","NSL32738:250032265",0.316877,"other","ok"
"NSL 32739","ND474","NSL32739:250035248",0.164949,"other","ok"
"NSL 34374","SD15","NSL34374:250034617",0.210433,"other","ok"
"NSL 42804","R223","NSL42804:250033732",0.150048,"other","ok"
"NSL 42872","A7","NSL42872:250032843",0.229071,"other","ok"
"NSL 42873","A12","NSL42873:250031927",0.278518,"other","ok"
"NSL 42874","C 14","NSL42874:250031912",0.38547,"other","ok"
"NSL 42875","A71","NSL42875:250033563",0.174184,"other","ok"
"NSL 42877","A165","NSL42877:250032424",0.18751,"other","ok"
"NSL 42878","A171","NSL42878:250032573",0.263314,"other","ok"
"NSL 43597","Tx441","NSL43597:250040766",0.200492,"other","ok"
"NSL 437871","AusTRCF 305795","NSL437871:250035047",0.37307,"other","ok"
"NSL 437877","AusTRCF 305801","NSL437877:250034876",0.163124,"other","ok"
"NSL 437878","AusTRCF 305802","NSL437878:250031000",0.48743,"other","ok"
"NSL 437879","AusTRCF 305803","NSL437879:250034999",0.221968,"other","ok"
"NSL 437890","AusTRCF 305816","NSL437890:250031257",0.267815,"other","ok"
"NSL 437891","AusTRCF 305817","NSL437891:250031310",0.247414,"other","ok"
"NSL 437893","AusTRCF 305819","NSL437893:250035141",0.164242,"other","ok"
"NSL 437895","AusTRCF 305821","NSL437895:250035109",0.173936,"other","ok"
"NSL 437896","AusTRCF 305822","NSL437896:250031048",0.121113,"other","ok"
"NSL 437897","AusTRCF 305823","NSL437897:250031177",0.154334,"other","ok"
"NSL 437903","AusTRCF 305829","NSL437903:250031555",0.101227,"other","ok"
"NSL 437905","AusTRCF 305831","NSL437905:250034600",0.106032,"other","ok"
"NSL 437907","AusTRCF 305833","NSL437907:250035051",0.108024,"other","ok"
"NSL 437908","AusTRCF 305834","NSL437908:250035219",0.247825,"other","ok"
"NSL 437909","AusTRCF 305835","NSL437909:250031006",0.0952043,"other","ok"
"NSL 437910","AusTRCF 305836","NSL437910:250034992",0.10061,"other","ok"
"NSL 437913","AusTRCF 305839","NSL437913:250035126",0.0306289,"other","ok"
"NSL 437914","AusTRCF 305840","NSL437914:250030984",0.0310677,"other","ok"
"NSL 437915","AusTRCF 305841","NSL437915:250035048",0.137808,"other","ok"
"NSL 437920","AusTRCF 305846","NSL437920:250031052",0.0651796,"other","ok"
"NSL 437923","AusTRCF 305849","NSL437923:250031198",0.0628816,"other","ok"
"NSL 437925","AusTRCF 306065","NSL437925:250035134",0.0757408,"other","ok"
"NSL 437928","AusTRCF 306068","NSL437928:250035234",0.350446,"other","ok"
"NSL 437929","AusTRCF 306234","NSL437929:250031062",0.216922,"other","ok"
"NSL 437930","AusTRCF 306235","NSL437930:250031163",0.044672,"other","ok"
"NSL 437931","AusTRCF 306236","NSL437931:250035094",0.0981149,"other","ok"
"NSL 437933","AusTRCF 306238","NSL437933:250034963",0.119775,"other","ok"
"NSL 437934","AusTRCF 306239","NSL437934:250035138",0.0947104,"other","ok"
"NSL 437935","AusTRCF 306240","NSL437935:250031077",0.101604,"other","ok"
"NSL 437936","AusTRCF 306241","NSL437936:250035175",0.134198,"other","ok"
"NSL 437937","AusTRCF 306242","NSL437937:250035056",0.108346,"other","ok"
"NSL 437939","AusTRCF 306244","NSL437939:250031196",0.123506,"other","ok"
"NSL 437940","AusTRCF 306245","NSL437940:250031239",0.129772,"other","ok"
"NSL 437946","AusTRCF 306257","NSL437946:250035127",0.326013,"other","ok"
"NSL 437947","AusTRCF 306258","NSL437947:250031022",0.249616,"other","ok"
"NSL 437952","AusTRCF 306264","NSL437952:250034998",0.337693,"other","ok"
"NSL 437956","AusTRCF 306269","NSL437956:250031114",0.283634,"other","ok"
"NSL 437959","AusTRCF 306273","NSL437959:250035140",0.115459,"other","ok"
"NSL 437960","AusTRCF 306274","NSL437960:250034863",0.112776,"other","ok"
"NSL 437962","AusTRCF 306276","NSL437962:250030995",0.10176,"other","ok"
"NSL 437964","AusTRCF 306278","NSL437964:250031288",0.110776,"other","ok"
"NSL 437966","AusTRCF 306280","NSL437966:250034990",0.115363,"other","ok"
"NSL 437968","AusTRCF 306282","NSL437968:250030996",0.137076,"other","ok"
"NSL 437971","AusTRCF 306285","NSL437971:250034940",0.121392,"other","ok"
"NSL 437973","AusTRCF 306287","NSL437973:250031322",0.119271,"other","ok"
"NSL 437976","AusTRCF 306290","NSL437976:250031162",0.129537,"other","ok"
"NSL 437979","AusTRCF 306293","NSL437979:250035192",0.128312,"other","ok"
"NSL 437980","AusTRCF 306294","NSL437980:250031245",0.129169,"other","ok"
"NSL 437981","AusTRCF 306295","NSL437981:250034988",0.126824,"other","ok"
"NSL 437982","AusTRCF 306296","NSL437982:250034950",0.129694,"other","ok"
"NSL 437983","AusTRCF 306297","NSL437983:250035065",0.127764,"other","ok"
"NSL 437987","AusTRCF 306301","NSL437987:250035122",0.118678,"other","ok"
"NSL 437988","AusTRCF 306302","NSL437988:250031039",0.0539708,"other","ok"
"NSL 437989","AusTRCF 306303","NSL437989:250035072",0.0514301,"other","ok"
"NSL 437990","AusTRCF 306304","NSL437990:250035118",0.0521594,"other","ok"
"NSL 437992","AusTRCF 306306","NSL437992:250035203",0.0376817,"other","ok"
"NSL 437993","AusTRCF 306307","NSL437993:250034955",0.0375058,"other","ok"
"NSL 437994","AusTRCF 306308","NSL437994:250034874",0.0349163,"other","ok"
"NSL 437995","AusTRCF 306309","NSL437995:250034935",0.0294683,"other","ok"
"NSL 437996","AusTRCF 306310","NSL437996:250034948",0.0369281,"other","ok"
"NSL 437998","AusTRCF 306312","NSL437998:250034983",0.135099,"other","ok"
"NSL 438002","AusTRCF 306316","NSL438002:250034987",0.151649,"other","ok"
"NSL 438005","AusTRCF 306319","NSL438005:250030987",0.139419,"other","ok"
"NSL 438007","AusTRCF 306321","NSL438007:250031057",0.145803,"other","ok"
"NSL 438008","AusTRCF 306322","NSL438008:250031075",0.144848,"other","ok"
"NSL 438009","AusTRCF 306323","NSL438009:250031063",0.249858,"other","ok"
"NSL 438010","AusTRCF 306324","NSL438010:250031276",0.130935,"other","ok"
"NSL 438019","AusTRCF 306333","NSL438019:250034807",0.061403,"other","ok"
"NSL 438021","AusTRCF 306335","NSL438021:250031176",0.119925,"other","ok"
"NSL 438022","AusTRCF 306336","NSL438022:250031166",0.126316,"other","ok"
"NSL 438023","AusTRCF 306337","NSL438023:250034852",0.146135,"other","ok"
"NSL 438029","AusTRCF 306343","NSL438029:250031028",0.132592,"other","ok"
"NSL 438030","AusTRCF 306344","NSL438030:250031017",0.110348,"other","ok"
"NSL 438031","AusTRCF 306345","NSL438031:250031297",0.132344,"other","ok"
"NSL 438032","AusTRCF 306346","NSL438032:250034962",0.150779,"other","ok"
"NSL 438033","AusTRCF 306347","NSL438033:250035105",0.0663444,"other","ok"
"NSL 438034","AusTRCF 306348","NSL438034:250034958",0.0643486,"other","ok"
"NSL 438036","AusTRCF 306350","NSL438036:250031071",0.120152,"other","ok"
"NSL 438037","AusTRCF 306351","NSL438037:250031160",0.173946,"other","ok"
"NSL 438038","AusTRCF 306352","NSL438038:250031115",0.162865,"other","ok"
"NSL 438039","AusTRCF 306353","NSL438039:250035112",0.162135,"other","ok"
"NSL 438040","AusTRCF 306354","NSL438040:250034922",0.16384,"other","ok"
"NSL 438042","AusTRCF 306356","NSL438042:250031117",0.138441,"other","ok"
"NSL 438043","AusTRCF 306357","NSL438043:250031240",0.144485,"other","ok"
"NSL 52605","Oh7K","NSL52605:250041660",0.202205,"other","ok"
"NSL 53086","SC 212M","NSL53086:250042350",0.214881,"other","ok"
"NSL 53094","SC 357","NSL53094:250033232",0.248771,"other","ok"
"NSL 53095","SC 359","NSL53095:250042330",0.430935,"other","ok"
"NSL 65863","B7","NSL65863:250033778",0.224782,"other","ok"
"NSL 65864","B8","NSL65864:250035184",0.254897,"other","ok"
"NSL 65866","B14","NSL65866:250041456",0.0679937,"other","ok"
"NSL 65868","B21","NSL65868:250034684",0.267048,"other","ok"
"NSL 65869","B38","NSL65869:250041717",0.201359,"other","ok"
"NSL 65871","I 205","NSL65871:250031381",0.189011,"other","ok"
"NSL 65872","L 289","NSL65872:250035078",0.317405,"other","ok"
"NSL 65873","L317","NSL65873:250032823",0.16932,"other","ok"
"NSL 65874","Os420","NSL65874:250033613",0.175859,"other","ok"
"NSL 67786","Mo301ae","NSL67786:250035086",0.144798,"other","ok"
"NSL 67788","Mo303ae","NSL67788:250035007",0.172223,"other","ok"
"NSL 67789","Mo304ae","NSL67789:250034809",0.183406,"other","ok"
"NSL 67790","Mo305ae","NSL67790:250040798",0.14014,"other","ok"
"NSL 67792","Mo307ae","NSL67792:250031268",0.13267,"other","ok"
"NSL 67793","Mo308ae","NSL67793:250031194",0.172248,"other","ok"
"NSL 67796","Mo311ae","NSL67796:250035108",0.279617,"other","ok"
"NSL 67797","Mo312ae","NSL67797:250031299",0.245515,"other","ok"
"NSL 67798","Mo313ae","NSL67798:250031004",0.175059,"other","ok"
"NSL 67799","Mo314ae","NSL67799:250031112",0.136739,"other","ok"
"NSL 68211","Oh422","NSL68211:250033607",0.237014,"other","ok"
"NSL 68242","SC 212M","NSL68242:250042332",0.226807,"other","ok"
"NSL 68252","SC 357","NSL68252:250031525",0.251795,"other","ok"
"NSL 81595","A238","NSL81595:250041537",0.210003,"other","ok"
"NSL 81596","A258","NSL81596:250034882",0.1647,"other","ok"
"NSL 81597","A648","NSL81597:250032565",0.160216,"other","ok"
"NSL 81598","A657","NSL81598:250034737",0.233155,"other","ok"
"NSL 81599","A659","NSL81599:250034628",0.21325,"other","ok"
"NSL 81600","A660","NSL81600:250034831",0.164876,"other","ok"
"PI 186182","INBRED 378","PI186182:250032842",0.362871,"other","ok"
"PI 186183","INBRED 379","PI186183:250032933",0.414342,"other","ok"
"PI 186184","INBRED 381","PI186184:250033174",0.490678,"other","ok"
"PI 186193","INBRED A-243-1","PI186193:250032891",0.374397,"other","ok"
"PI 186196","INBRED 109","PI186196:250033823",0.332578,"other","ok"
"PI 186197","INBRED 100","PI186197:250033031",0.312308,"other","ok"
"PI 186199","INBRED 141","PI186199:250034727",0.314826,"other","ok"
"PI 186215","INBRED 2-687","PI186215:250031371",0.256757,"other","ok"
"PI 186217","INBRED 19-86","PI186217:250033712",0.460098,"other","ok"
"PI 186218","INBRED 34-1141","PI186218:250033797",0.386624,"other","ok"
"PI 186219","INBRED 34-1181","PI186219:250032776",0.448071,"other","ok"
"PI 186221","INBRED 39-1084","PI186221:250031453",0.350956,"other","ok"
"PI 186223","INBRED 41-1781","PI186223:250033072",0.325557,"other","ok"
"PI 186224","INBRED 42-492","PI186224:250031504",0.390959,"other","ok"
"PI 186226","INBRED 305","PI186226:250031387",0.355264,"other","ok"
"PI 186227","INBRED 309","PI186227:250031901",0.588469,"other","ok"
"PI 186229","INBRED 321","PI186229:250031250",0.539626,"other","ok"
"PI 198889","4F-182 BS 11","PI198889:250034975",0.31678,"other","ok"
"PI 198892","4F-234 BX 4","PI198892:250031040",0.408423,"other","ok"
"PI 198893","4F-240 BX 16","PI198893:250033534",0.374591,"other","ok"
"PI 198894","4F-259 HQ","PI198894:250032470",0.433744,"other","ok"
"PI 198895","4F-285 TX 15","PI198895:250031872",0.488891,"other","ok"
"PI 198896","4F-300 AD 3","PI198896:250035057",0.40678,"other","ok"
"PI 198902","4F-345 CN 12","PI198902:250035110",0.295742,"other","ok"
"PI 198906","4F-403 JV 15","PI198906:250032845",0.399031,"other","ok"
"PI 200179","NY 3 (Neveh Yaar)","PI200179:250033677",0.437462,"other","ok"
"PI 200181","NY 65 (Neveh Yaar)","PI200181:250034732",0.269177,"other","ok"
"PI 200184","NY 166 (Neveh Yaar)","PI200184:250031145",0.364118,"other","ok"
"PI 200185","NY 188 (Neveh Yaar)","PI200185:250033689",0.323805,"other","ok"
"PI 200187","NY 318 (Nevey Yaar)","PI200187:250031775",0.519633,"other","ok"
"PI 200188","NY 364 (Neveh Yaar)","PI200188:250034695",0.520165,"other","ok"
"PI 200191","NY 476 (Neveh Yaar)","PI200191:250032395",0.338572,"other","ok"
"PI 200194","NY 971 (Neveh Yaar)","PI200194:250033717",0.32378,"other","ok"
"PI 200195","NY 992 (Neveh Yaar)","PI200195:250034810",0.478348,"other","ok"
"PI 221733","A13-2 INBRED (POTCHEFSTROOM PEARL)","PI221733:250031757",0.270852,"other","ok"
"PI 221734","A14 INBRED (POTCHEFSTROOM PEARL)","PI221734:250033188",0.265362,"other","ok"
"PI 221735","A15-1 INBRED (POTCHEFSTROOM PEARL)","PI221735:250033210",0.221003,"other","ok"
"PI 221736","A16-3-2 INBRED (POTCHEFSTROOM PEARL)","PI221736:250031760",0.235539,"other","ok"
"PI 221737","A17-1-1 INBRED (POTCHEFSTROOM PEARL)","PI221737:250031653",0.278308,"other","ok"
"PI 221739","A21-4-1 INBRED (HICKORY KING)","PI221739:250031765",0.283994,"other","ok"
"PI 221743","N72-3-1-1 INBRED","PI221743:250032602",0.263155,"other","ok"
"PI 221747","E205-1-1-1 INBRED (S5 SYN. ANVELD)","PI221747:250032768",0.252317,"other","ok"
"PI 221750","E292-1-1-1 INB(S5 SYN ANVELD X MINN.706)","PI221750:250033571",0.278132,"other","ok"
"PI 221773","A415-1-3 INBRED","PI221773:250030989",0.241167,"other","ok"
"PI 221775","A436-1 INBRED","PI221775:250031113",0.320406,"other","ok"
"PI 221788","E680-2-1-3(S5) INBRED","PI221788:250031423",0.338134,"other","ok"
"PI 221789","E683-1-2-1(S5) INBRED","PI221789:250034688",0.358186,"other","ok"
"PI 221794","E697-1-1-1(S5) INBRED","PI221794:250034678",0.327859,"other","ok"
"PI 221805","A243-1-2(S10) INBRED (PERUVIAN)","PI221805:250035115",0.281905,"other","ok"
"PI 221811","A302-1-2(S10) INBRED (SERVENTINA)","PI221811:250035101",0.444249,"other","ok"
"PI 221820","C410-1(F11) INBRED (HOTNOT CROSSES)","PI221820:250031661",0.307611,"other","ok"
"PI 221821","E680-3-1-1(S6) INBRED","PI221821:250031563",0.332287,"other","ok"
"PI 236997","Inbred 6-907","PI236997:250035256",0.430838,"other","ok"
"PI 257506","F2","PI257506:250032281",0.458273,"other","ok"
"PI 257507","F7","PI257507:250032167",0.19522,"other","ok"
"PI 257508","F10","PI257508:250032130",0.398035,"other","ok"
"PI 257513","F115","PI257513:250032184",0.175743,"other","ok"
"PI 257514","FV181","PI257514:250032337",0.268759,"other","ok"
"PI 257516","F39","PI257516:250035244",0.332232,"other","ok"
"PI 257517","FC46","PI257517:250032591",0.387103,"other","ok"
"PI 267166","2 KM 368 INBRED","PI267166:250035220",0.237146,"other","ok"
"PI 267167","T8144 INBRED","PI267167:250032549",0.274405,"other","ok"
"PI 267168","T8146 INBRED","PI267168:250035211",0.447689,"other","ok"
"PI 267169","T8302 INBRED","PI267169:250035255",0.310693,"other","ok"
"PI 267170","T8354 INBRED","PI267170:250035180",0.274119,"other","ok"
"PI 267171","T8445 INBRED","PI267171:250035250",0.253566,"other","ok"
"PI 270297","B96","PI270297:250031147",0.322935,"other","ok"
"PI 303924","NO. 380","PI303924:250032405",0.494023,"other","ok"
"PI 303925","NO. 1004 INBRED","PI303925:250033557",0.280587,"other","ok"
"PI 303926","NO. 1019 INBRED","PI303926:250033854",0.349511,"other","ok"
"PI 303927","NO. 1026 INBRED","PI303927:250031267",0.479851,"other","ok"
"PI 303928","NO. 1032 INBRED","PI303928:250032777",0.268792,"other","ok"
"PI 303929","NO. 1037 INBRED","PI303929:250032848",0.320226,"other","ok"
"PI 303930","NO. 1049 INBRED","PI303930:250031319",0.25555,"other","ok"
"PI 303932","NO. 1068 INBRED","PI303932:250031932",0.375052,"other","ok"
"PI 303933","NO. 1070 INBRED","PI303933:250032531",0.323265,"other","ok"
"PI 303937","NO. 1175 INBRED","PI303937:250033713",0.326466,"other","ok"
"PI 303938","NO. 1185 INBRED","PI303938:250034816",0.495682,"other","ok"
"PI 303939","NO. 1197 INBRED","PI303939:250032431",0.421674,"other","ok"
"PI 303940","NO. 1201 INBRED","PI303940:250031280",0.341112,"other","ok"
"PI 303941","NO. 1266 INBRED","PI303941:250031697",0.268681,"other","ok"
"PI 303943","TN 53-1-2","PI303943:250034743",0.469015,"other","ok"
"PI 340812","NY 121 (Neveh Yaar)","PI340812:250033542",0.44711,"other","ok"
"PI 340813","NY 123 (Neveh Yaar)","PI340813:250031679",0.253624,"other","ok"
"PI 340817","G3 T5","PI340817:250032320",0.555673,"other","ok"
"PI 340818","G3 T5a","PI340818:250032319",0.506345,"other","ok"
"PI 340819","T9","PI340819:250032218",0.352946,"other","ok"
"PI 340821","G22 T122","PI340821:250035177",0.328042,"other","ok"
"PI 340822","G6 T123","PI340822:250035265",0.344935,"other","ok"
"PI 340823","G14 T133","PI340823:250035249",0.505751,"other","ok"
"PI 340824","G15 T134","PI340824:250032286",0.321416,"other","ok"
"PI 340825","G15 T134a","PI340825:250035260",0.38427,"other","ok"
"PI 340826","T140","PI340826:250034802",0.443746,"other","ok"
"PI 340827","T141","PI340827:250034560",0.436196,"other","ok"
"PI 340829","T146","PI340829:250040793",0.197601,"other","ok"
"PI 340830","T242","PI340830:250034707",0.319137,"other","ok"
"PI 340838","B-4541","PI340838:250031016",0.364501,"other","ok"
"PI 343953","PLS 61/10870 subline-1","PI343953:250034625",0.294922,"other","ok"
"PI 369437","80-2","PI369437:250032162",0.284374,"other","ok"
"PI 369438","K 10","PI369438:250035230",0.275547,"other","ok"
"PI 369439","S 14","PI369439:250032183",0.354872,"other","ok"
"PI 369442","S 48","PI369442:250035263",0.200393,"other","ok"
"PI 369443","S 61","PI369443:250032161",0.206087,"other","ok"
"PI 369446","U 123","PI369446:250032149",0.298303,"other","ok"
"PI 391414","PH 9","PI391414:250032062",0.119407,"other","ok"
"PI 391662","KUNG-70","PI391662:250033781",0.253976,"other","ok"
"PI 391663","T IEH 84","PI391663:250032921",0.302079,"other","ok"
"PI 391665","YING-55","PI391665:250032589",0.252024,"other","ok"
"PI 391666","YING-64","PI391666:250033575",0.258778,"other","ok"
"PI 391667","CHI-503","PI391667:250034731",0.170445,"other","ok"
"PI 391670","NIU 11","PI391670:250034835",0.389152,"other","ok"
"PI 391672","YANG","PI391672:250031876",0.413236,"other","ok"
"PI 391676","TUO 229","PI391676:250040796",0.153295,"other","ok"
"PI 391678","TZU-CHIAO-HSI-WU 105","PI391678:250031455",0.251537,"other","ok"
"PI 391682","YE-CHI-HUNG","PI391682:250033536",0.380513,"other","ok"
"PI 405705","CHAN 11 INBRED","PI405705:250040791",0.134493,"other","ok"
"PI 405707","HUA 94 INBRED","PI405707:250035104",0.278017,"other","ok"
"PI 405709","TANG CHAO INBRED","PI405709:250033802",0.340678,"other","ok"
"PI 405711","BAI TOU SHUANG IN.(JI 095","PI405711:250034709",0.516634,"other","ok"
"PI 405712","DA BA TANG INB. (JI 0241)","PI405712:250032474",0.35772,"other","ok"
"PI 405713","DA JIN DING (JI 0018)","PI405713:250034728",0.438496,"other","ok"
"PI 405714","HUO BAO MI (JI 0235)","PI405714:250033728",0.3875,"other","ok"
"PI 406106","A14NW","PI406106:250031457",0.165158,"other","ok"
"PI 406107","A57N","PI406107:250034939",0.209045,"other","ok"
"PI 406108","A98NW","PI406108:250031332",0.172548,"other","ok"
"PI 406109","A166N","PI406109:250031132",0.154244,"other","ok"
"PI 406110","A178N","PI406110:250033216",0.119837,"other","ok"
"PI 406113","A266N","PI406113:250035247",0.145651,"other","ok"
"PI 406115","A328NW","PI406115:250042461",0.217515,"other","ok"
"PI 406122","A564N","PI406122:250032430",0.151918,"other","ok"
"PI 406123","A579N","PI406123:250031284",0.148641,"other","ok"
"PI 406124","A622N","PI406124:250033103",0.252068,"other","ok"
"PI 406125","A641N","PI406125:250034973",0.0943267,"other","ok"
"PI 406126","A661N","PI406126:250031422",0.106682,"other","ok"
"PI 406128","A691N","PI406128:250033833",0.112392,"other","ok"
"PI 415078","4533. INBRED","PI415078:250034626",0.277285,"other","ok"
"PI 415079","4537. INBRED","PI415079:250032263",0.326783,"other","ok"
"PI 415080","4550. INBRED","PI415080:250034557",0.265629,"other","ok"
"PI 415081","4554. INBRED","PI415081:250032270",0.298716,"other","ok"
"PI 415082","4554 INBRED","PI415082:250035229",0.302165,"other","ok"
"PI 415083","4562 INBRED","PI415083:250032255",0.287188,"other","ok"
"PI 415084","4564 INBRED","PI415084:250032207",0.278152,"other","ok"
"PI 415085","4566 INBRED","PI415085:250032513",0.280937,"other","ok"
"PI 415086","4578 INBRED","PI415086:250032423",0.230198,"other","ok"
"PI 415087","4580 INBRED","PI415087:250032417",0.235039,"other","ok"
"PI 415088","4581 INBRED","PI415088:250032331",0.237419,"other","ok"
"PI 415089","4655 INBRED","PI415089:250035239",0.454743,"other","ok"
"PI 415090","4659 INBRED","PI415090:250032295",0.414472,"other","ok"
"PI 415091","4664 INBRED","PI415091:250035242",0.364526,"other","ok"
"PI 427109","Eng-li Chih","PI427109:250033593",0.259054,"other","ok"
"PI 427111","Chi-tan 120","PI427111:250031567",0.321985,"other","ok"
"PI 433485","Prior A","PI433485:250032132",0.210731,"other","ok"
"PI 433486","Prior B","PI433486:250035238",0.334173,"other","ok"
"PI 433487","Prior C","PI433487:250034558",0.442077,"other","ok"
"PI 459078","Honan no. 7","PI459078:250034696",0.27232,"other","ok"
"PI 459080","Hwang no. 525","PI459080:250031413",0.46193,"other","ok"
"PI 459082","Shansi no. 60","PI459082:250033687",0.494442,"other","ok"
"PI 506254","Tzi 24","PI506254:250033362",0.188982,"other","ok"
"PI 508277","SD42","PI508277:250034860",0.22821,"other","ok"
"PI 509542","B89","PI509542:250035130",0.152679,"other","ok"
"PI 510674","ND261","PI510674:250034550",0.213519,"other","ok"
"PI 511309","NC252","PI511309:250041491",0.0260415,"other","ok"
"PI 511310","NC254","PI511310:250031269",0.0438781,"other","ok"
"PI 511313","GT113","PI511313:250031752",0.151024,"other","ok"
"PI 517968","Pa392","PI517968:250033547",0.161145,"other","ok"
"PI 517971","Pa468","PI517971:250032940",0.21649,"other","ok"
"PI 517972","Pa877","PI517972:250031155",0.181587,"other","ok"
"PI 517973","Pa879","PI517973:250034947",0.31353,"other","ok"
"PI 517974","Pa880","PI517974:250031154",0.160919,"other","ok"
"PI 518660","SD43","PI518660:250035215",0.177511,"other","ok"
"PI 520770","W552","PI520770:250032384",0.192744,"other","ok"
"PI 520771","W570","PI520771:250034853",0.103205,"other","ok"
"PI 520772","W572","PI520772:250034593",0.113598,"other","ok"
"PI 520774","NC264","PI520774:250035116",0.197377,"other","ok"
"PI 522250","ND262","PI522250:250035178",0.276259,"other","ok"
"PI 522252","ND264","PI522252:250035225",0.251315,"other","ok"
"PI 524969","SD44","PI524969:250034724",0.202346,"other","ok"
"PI 524970","SD46","PI524970:250032455",0.100944,"other","ok"
"PI 527699","B90","PI527699:250031275",0.176519,"other","ok"
"PI 527700","B91","PI527700:250031003",0.183627,"other","ok"
"PI 531081","Pa356","PI531081:250034682",0.201759,"other","ok"
"PI 531083","Pa891","PI531083:250031067",0.144503,"other","ok"
"PI 531084","NC258","PI531084:250032761",0.170938,"other","ok"
"PI 531085","NC262","PI531085:250034667",0.149656,"other","ok"
"PI 531509","R225","PI531509:250033653",0.182847,"other","ok"
"PI 531510","R226","PI531510:250033743",0.18506,"other","ok"
"PI 531511","R227","PI531511:250031635",0.178689,"other","ok"
"PI 533658","SD101","PI533658:250040792",0.0988155,"other","ok"
"PI 533659","SD102","PI533659:250033273",0.105911,"other","ok"
"PI 535901","S 3","PI535901:250032317",0.443904,"other","ok"
"PI 535906","S 56","PI535906:250032273",0.34451,"other","ok"
"PI 535913","S 17","PI535913:250035179",0.118576,"other","ok"
"PI 535914","S 22","PI535914:250034577",0.227564,"other","ok"
"PI 535916","S 37","PI535916:250032284",0.38543,"other","ok"
"PI 535917","S 51","PI535917:250032329",0.268483,"other","ok"
"PI 535919","S 59A","PI535919:250032299",0.284448,"other","ok"
"PI 535920","S 63","PI535920:250035207",0.175222,"other","ok"
"PI 535921","S 65","PI535921:250035198",0.287914,"other","ok"
"PI 535923","S 90","PI535923:250032342",0.257086,"other","ok"
"PI 535924","S 97","PI535924:250032282",0.331604,"other","ok"
"PI 535925","S 99","PI535925:250035194",0.310383,"other","ok"
"PI 535926","S 117","PI535926:250032196",0.190709,"other","ok"
"PI 535927","S 125","PI535927:250032208",0.233013,"other","ok"
"PI 537097","LH195","PI537097:250041610",0.052065,"other","ok"
"PI 537099","LH205","PI537099:250031441",0.0409039,"other","ok"
"PI 538007","LH127","PI538007:250032771",0.114404,"other","ok"
"PI 538008","LH163","PI538008:250041681",0.156839,"other","ok"
"PI 538009","LH196","PI538009:250041527",0.0396447,"other","ok"
"PI 538010","LH206","PI538010:250041530",0.0559083,"other","ok"
"PI 538011","LH220Ht","PI538011:250031414",0.106668,"other","ok"
"PI 538229","SD53","PI538229:250032194",0.125828,"other","ok"
"PI 538231","SD59","PI538231:250035201",0.288994,"other","ok"
"PI 538235","SD57","PI538235:250034601",0.267472,"other","ok"
"PI 538237","SD63","PI538237:250032330",0.167864,"other","ok"
"PI 538238","SD65","PI538238:250032205",0.184095,"other","ok"
"PI 538239","SD69","PI538239:250040795",0.111851,"other","ok"
"PI 538242","SD106","PI538242:250033291",0.234238,"other","ok"
"PI 538244","SD108","PI538244:250032469",0.0693176,"other","ok"
"PI 539870","B92","PI539870:250031917",0.126747,"other","ok"
"PI 539871","B93","PI539871:250040777",0.121812,"other","ok"
"PI 539872","B94","PI539872:250035092",0.196568,"other","ok"
"PI 539920","LH160","PI539920:250033681",0.163473,"other","ok"
"PI 539921","LH162","PI539921:250031401",0.166672,"other","ok"
"PI 539922","LH190","PI539922:250031430",0.0455528,"other","ok"
"PI 539923","LH194","PI539923:250034739",0.0837793,"other","ok"
"PI 539924","LH202","PI539924:250041413",0.0529522,"other","ok"
"PI 539925","LH191","PI539925:250041658",0.0710029,"other","ok"
"PI 539926","LH192","PI539926:250033572",0.092528,"other","ok"
"PI 539927","LH193","PI539927:250041539",0.0620517,"other","ok"
"PI 539930","RS 710","PI539930:250034733",0.209101,"other","ok"
"PI 542937","Ab18","PI542937:250041441",0.295522,"other","ok"
"PI 542938","Ab610","PI542938:250042331",0.231478,"other","ok"
"PI 542953","T264","PI542953:250031023",0.207495,"other","ok"
"PI 542955","Va4","PI542955:250031294",0.1518,"other","ok"
"PI 542957","Va6","PI542957:250031693",0.352308,"other","ok"
"PI 542959","Va33","PI542959:250031372",0.195936,"other","ok"
"PI 543843","PHN34","PI543843:250041671",0.269254,"other","ok"
"PI 543846","PHP76","PI543846:250041541",0.139178,"other","ok"
"PI 543847","PHV07","PI543847:250041570",0.135101,"other","ok"
"PI 543849","PHW51","PI543849:250041569",0.10303,"other","ok"
"PI 543850","PHW86","PI543850:250041556",0.122645,"other","ok"
"PI 544065","BCC03","PI544065:250041582",0.158541,"other","ok"
"PI 546482","FBLA","PI546482:250041616",0.157944,"other","ok"
"PI 546483","6F629","PI546483:250041709",0.0958572,"other","ok"
"PI 546484","6M502A","PI546484:250041597",0.200621,"other","ok"
"PI 546485","NL001","PI546485:250041615",0.0590489,"other","ok"
"PI 546494","ND265","PI546494:250032318",0.285617,"other","ok"
"PI 547086","LH128","PI547086:250033567",0.13516,"other","ok"
"PI 547087","LH181","PI547087:250041600",0.0989523,"other","ok"
"PI 547088","LH208","PI547088:250031445",0.0831783,"other","ok"
"PI 547089","LH212Ht","PI547089:250041612",0.114204,"other","ok"
"PI 547090","LH213","PI547090:250041581",0.0987668,"other","ok"
"PI 547107","Lp215D","PI547107:250041736",0.0983131,"other","ok"
"PI 548783","T171","PI548783:250032982",0.0438791,"other","ok"
"PI 548794","ND266","PI548794:250034590",0.20732,"other","ok"
"PI 548798","PHJ89","PI548798:250041544",0.130229,"other","ok"
"PI 548799","PHJ90","PI548799:250041728",0.172395,"other","ok"
"PI 548800","PHK93","PI548800:250041668",0.210813,"other","ok"
"PI 548801","PHM81","PI548801:250041529",0.132719,"other","ok"
"PI 548802","PHN66","PI548802:250041568",0.126523,"other","ok"
"PI 548804","PHR55","PI548804:250041737",0.180426,"other","ok"
"PI 548805","PHR58","PI548805:250041567",0.17367,"other","ok"
"PI 548808","PHW30","PI548808:250041535",0.161922,"other","ok"
"PI 548830","29MIBZ2","PI548830:250041682",0.127062,"other","ok"
"PI 548839","MBUB","PI548839:250041735",0.146948,"other","ok"
"PI 550440","B64","PI550440:250031410",0.116507,"other","ok"
"PI 550442","Mo20W","PI550442:250032831",0.121998,"other","ok"
"PI 550443","B49","PI550443:250031110",0.255616,"other","ok"
"PI 550454","B52","PI550454:250034943",0.242332,"other","ok"
"PI 550455","B67","PI550455:250035053",0.143149,"other","ok"
"PI 550456","B69","PI550456:250041654",0.122574,"other","ok"
"PI 550461","B14A","PI550461:250041444",0.0685385,"other","ok"
"PI 550462","B59","PI550462:250031535",0.0987837,"other","ok"
"PI 550463","B65","PI550463:250031174",0.16213,"other","ok"
"PI 550464","B66","PI550464:250031678",0.209278,"other","ok"
"PI 550465","B68","PI550465:250034977",0.0899534,"other","ok"
"PI 550467","B37","PI550467:250030985",0.0819318,"other","ok"
"PI 550468","B45","PI550468:250035136",0.112099,"other","ok"
"PI 550469","B46","PI550469:250031127",0.154663,"other","ok"
"PI 550470","B54","PI550470:250031513",0.197273,"other","ok"
"PI 550471","B56","PI550471:250031143",0.206895,"other","ok"
"PI 550472","B57","PI550472:250034982",0.264561,"other","ok"
"PI 550473","B73","B73(PI550473):250024957",0.0137558,"other","ok"
"PI 550483","B76","PI550483:250031544",0.1184,"other","ok"
"PI 550489","ND245","PI550489:250032315",0.220585,"other","ok"
"PI 550490","ND246","PI550490:250032160",0.222033,"other","ok"
"PI 550491","ND301","PI550491:250035227",0.236901,"other","ok"
"PI 550496","H102","PI550496:250031581",0.268409,"other","ok"
"PI 550497","H103","PI550497:250031369",0.240664,"other","ok"
"PI 550503","ND247","PI550503:250035245",0.202926,"other","ok"
"PI 550504","ND248","PI550504:250032271",0.220629,"other","ok"
"PI 550514","T61","PI550514:250042413",0.213685,"other","ok"
"PI 550515","T101","PI550515:250042426",0.27058,"other","ok"
"PI 550517","T115","PI550517:250033064",0.399714,"other","ok"
"PI 550520","T224","PI550520:250035222",0.32802,"other","ok"
"PI 550521","T226","PI550521:250032854",0.166167,"other","ok"
"PI 550522","T232","PI550522:250032844",0.204034,"other","ok"
"PI 550526","H110","PI550526:250035133",0.292303,"other","ok"
"PI 550527","H111","PI550527:250033357",0.149774,"other","ok"
"PI 550530","ND249","PI550530:250032303",0.26164,"other","ok"
"PI 550531","ND250","PI550531:250035181",0.218134,"other","ok"
"PI 550532","ND251","PI550532:250032339",0.250552,"other","ok"
"PI 550540","ND252","PI550540:250032257",0.212912,"other","ok"
"PI 550541","ND253","PI550541:250032139",0.217707,"other","ok"
"PI 550542","ND254","PI550542:250035240",0.250137,"other","ok"
"PI 550552","ND304W","PI550552:250032256",0.189215,"other","ok"
"PI 550553","ND101","PI550553:250032301",0.297882,"other","ok"
"PI 550554","ND256","PI550554:250035206",0.245917,"other","ok"
"PI 550555","NC250","PI550555:250033538",0.135307,"other","ok"
"PI 550556","B88","PI550556:250035005",0.1856,"other","ok"
"PI 550558","DE811","PI550558:250031524",0.135678,"other","ok"
"PI 550561","ND257","PI550561:250035269",0.186445,"other","ok"
"PI 550565","N190","PI550565:250032293",0.150158,"other","ok"
"PI 550566","N192","PI550566:250033680",0.0608349,"other","ok"
"PI 550567","N193","PI550567:250035231",0.232939,"other","ok"
"PI 550568","N194","PI550568:250032193",0.296792,"other","ok"
"PI 550571","ND259","PI550571:250035208",0.118191,"other","ok"
"PI 550573","ND260","PI550573:250035257",0.209362,"other","ok"
"PI 550695","L 155","PI550695:250041531",0.096879,"other","ok"
"PI 550909","89291","PI550909:250033446",0.260291,"other","ok"
"PI 550911","89302","PI550911:250033457",0.243034,"other","ok"
"PI 550917","88094","PI550917:250033305",0.270065,"other","ok"
"PI 550918","88069","PI550918:250033459",0.215328,"other","ok"
"PI 552815","LH215","PI552815:250041730",0.127254,"other","ok"
"PI 553055","OC2","PI553055:250033661",0.23923,"other","ok"
"PI 553056","OC3","PI553056:250031329",0.33017,"other","ok"
"PI 553057","OC4","PI553057:250031526",0.116223,"other","ok"
"PI 553059","OC6","PI553059:250033697",0.399112,"other","ok"
"PI 553063","OC10","PI553063:250031393",0.286963,"other","ok"
"PI 554612","LH209","PI554612:250041718",0.0426666,"other","ok"
"PI 554615","MM402A","PI554615:250041715",0.144917,"other","ok"
"PI 554616","3IBZ2","PI554616:250041701",0.146249,"other","ok"
"PI 555650","LIBC 4","PI555650:250041566",0.14632,"other","ok"
"PI 555651","83IBI3","PI555651:250041659",0.106103,"other","ok"
"PI 555660","LH214","PI555660:250041579",0.0919705,"other","ok"
"PI 558516","Mo7","PI558516:250032914",0.234836,"other","ok"
"PI 558517","Mo10","PI558517:250032802",0.27601,"other","ok"
"PI 558518","Mo15W","PI558518:250032900",0.341654,"other","ok"
"PI 558521","Mo2RF","PI558521:250033063",0.177966,"other","ok"
"PI 558522","Mo3","PI558522:250032856",0.147103,"other","ok"
"PI 558524","Mo6","PI558524:250032835",0.104945,"other","ok"
"PI 558526","Mo9W","PI558526:250032798",0.466629,"other","ok"
"PI 558527","Mo11","PI558527:250034967",0.10285,"other","ok"
"PI 558530","Mo14W","PI558530:250032970",0.150173,"other","ok"
"PI 558531","Mo16W","PI558531:250032838",0.356896,"other","ok"
"PI 558532","Mo17","PI558532:250031418",0.0575873,"other","ok"
"PI 559375","LH222","PI559375:250041546",0.0605,"other","ok"
"PI 559380","ICI 193","PI559380:250041558",0.11271,"other","ok"
"PI 559381","ICI 441","PI559381:250041716",0.0480404,"other","ok"
"PI 559382","ICI 740","PI559382:250041617",0.0509076,"other","ok"
"PI 559383","ICI 893","PI559383:250041590",0.0812991,"other","ok"
"PI 559916","CS405","PI559916:250041603",0.113958,"other","ok"
"PI 559918","NQ508","PI559918:250031522",0.0939737,"other","ok"
"PI 559919","OQ101","PI559919:250041713",0.187448,"other","ok"
"PI 559920","OQ403","PI559920:250041691",0.125576,"other","ok"
"PI 559921","OS602","PI559921:250041547",0.0966755,"other","ok"
"PI 559935","PHBA6","PI559935:250041542",0.106351,"other","ok"
"PI 559944","PHP85","PI559944:250041729",0.080431,"other","ok"
"PI 559945","PHPR5","PI559945:250041619",0.111808,"other","ok"
"PI 559946","PHR30","PI559946:250041675",0.131149,"other","ok"
"PI 559949","PHT69","PI559949:250041655",0.110808,"other","ok"
"PI 559952","PHV53","PI559952:250041712",0.150884,"other","ok"
"PI 559953","PHVA9","PI559953:250041592",0.128767,"other","ok"
"PI 559954","PHWG5","PI559954:250041657",0.0757397,"other","ok"
"PI 560074","Pa759","PI560074:250031492",0.0950581,"other","ok"
"PI 560075","Pa760","PI560075:250033668",0.114897,"other","ok"
"PI 560081","Pa778","PI560081:250033791",0.129533,"other","ok"
"PI 560082","Pa860","PI560082:250034964",0.188029,"other","ok"
"PI 560316","CS608","PI560316:250041534",0.0779062,"other","ok"
"PI 561516","AR204","PI561516:250031819",0.300706,"other","ok"
"PI 561523","AR234","PI561523:250032925",0.473232,"other","ok"
"PI 561526","AR250","PI561526:250033228",0.190108,"other","ok"
"PI 561527","AR254","PI561527:250031279",0.235238,"other","ok"
"PI 561529","AR266","PI561529:250032908",0.177144,"other","ok"
"PI 561533","AR276","PI561533:250033229",0.256578,"other","ok"
"PI 561565","B95","PI561565:250034923",0.158051,"other","ok"
"PI 561604","90176","PI561604:250033359",0.293216,"other","ok"
"PI 561694","NYRD4058","PI561694:250032563",0.0979443,"other","ok"
"PI 561695","NYLB31","PI561695:250034735",0.258606,"other","ok"
"PI 564682","B97","PI564682:250033788",0.112391,"other","ok"
"PI 564852","B101","PI564852:250035121",0.170665,"other","ok"
"PI 568158","N199","PI568158:250033741",0.143895,"other","ok"
"PI 568159","N200","PI568159:250032406",0.137824,"other","ok"
"PI 572413","Oh599","PI572413:250031949",0.220742,"other","ok"
"PI 573098","Oh603","PI573098:250033558",0.298857,"other","ok"
"PI 583350","Mo45","PI583350:250031424",0.269777,"other","ok"
"PI 583352","Mo47","PI583352:250033675",0.257184,"other","ok"
"PI 583774","ML606","PI583774:250034846",0.128061,"other","ok"
"PI 583846","H126W","PI583846:250035070",0.118442,"other","ok"
"PI 583847","H125","PI583847:250031066",0.0812439,"other","ok"
"PI 584528","B99","PI584528:250031647",0.203043,"other","ok"
"PI 584529","B100","PI584529:250035176",0.160249,"other","ok"
"PI 587124","CM105","PI587124:250032435",0.0927813,"other","ok"
"PI 587125","CO109","PI587125:250032138",0.28728,"other","ok"
"PI 587127","H105W","PI587127:250031574",0.0992331,"other","ok"
"PI 587128","H84","PI587128:250031400",0.146842,"other","ok"
"PI 587129","H99","PI587129:250034734",0.145816,"other","ok"
"PI 587137","Ms71","PI587137:250033584",0.11323,"other","ok"
"PI 587138","A554","PI587138:250034627",0.201676,"other","ok"
"PI 587139","A619","PI587139:250033566",0.101146,"other","ok"
"PI 587140","A632","PI587140:250031900",0.0894616,"other","ok"
"PI 587141","A654","PI587141:250032538",0.140712,"other","ok"
"PI 587142","A679","PI587142:250031913",0.0864949,"other","ok"
"PI 587143","A682","PI587143:250035089",0.206668,"other","ok"
"PI 587144","Mo24W","PI587144:250032072",0.376668,"other","ok"
"PI 587145","NC268","PI587145:250032788",0.360035,"other","ok"
"PI 587147","Pa91","PI587147:250031030",0.135773,"other","ok"
"PI 587149","Va26","PI587149:250031958",0.172069,"other","ok"
"PI 587150","Va35","PI587150:250041524",0.138243,"other","ok"
"PI 587151","Va102","PI587151:250031935",0.198292,"other","ok"
"PI 587152","W64A","PI587152:250033736",0.113167,"other","ok"
"PI 587153","W117","PI587153:250032308",0.178241,"other","ok"
"PI 587154","W153R","PI587154:250033489",0.132689,"other","ok"
"PI 587155","W182BN","PI587155:250032416",0.138662,"other","ok"
"PI 591014","BO385Y","PI591014:250042443",0.267894,"other","ok"
"PI 591015","BO394Y","PI591015:250042422",0.284467,"other","ok"
"PI 591022","BO46W","PI591022:250042459",0.192651,"other","ok"
"PI 592733","R228","PI592733:250031273",0.157948,"other","ok"
"PI 592734","R229","PI592734:250033722",0.0645828,"other","ok"
"PI 592735","R230","PI592735:250035264",0.116933,"other","ok"
"PI 592741","N801w","PI592741:250033859",0.18636,"other","ok"
"PI 593007","Hi25","PI593007:250032839",0.0977037,"other","ok"
"PI 593010","Hi28","PI593010:250040779",0.184884,"other","ok"
"PI 593011","Hi29","PI593011:250034587",0.323532,"other","ok"
"PI 593013","Hi31","PI593013:250033016",0.0901622,"other","ok"
"PI 593014","Hi33","PI593014:250032852",0.199558,"other","ok"
"PI 593017","Hi39","PI593017:250033076",0.191465,"other","ok"
"PI 593460","991","PI593460:250034834",0.139818,"other","ok"
"PI 594045","B102","PI594045:250034759",0.154438,"other","ok"
"PI 594046","B103","PI594046:250033812",0.122646,"other","ok"
"PI 594047","B104","PI594047:250033581",0.125957,"other","ok"
"PI 594048","B105","PI594048:250034886",0.177833,"other","ok"
"PI 594049","B106","PI594049:250031130",0.213297,"other","ok"
"PI 594050","N501","PI594050:250033561",0.162731,"other","ok"
"PI 594051","N502","PI594051:250031945",0.205033,"other","ok"
"PI 594052","N503","PI594052:250031902",0.162542,"other","ok"
"PI 594053","N504","PI594053:250033608",0.160876,"other","ok"
"PI 594054","N505","PI594054:250032289",0.230802,"other","ok"
"PI 594055","N506","PI594055:250031959",0.170168,"other","ok"
"PI 594056","N507","PI594056:250031928",0.187637,"other","ok"
"PI 594057","N508","PI594057:250033541",0.22829,"other","ok"
"PI 594058","N509","PI594058:250033045",0.206271,"other","ok"
"PI 594059","N510","PI594059:250033527",0.182735,"other","ok"
"PI 594060","N511","PI594060:250032924",0.157155,"other","ok"
"PI 594061","N512","PI594061:250033526",0.220856,"other","ok"
"PI 594062","N513","PI594062:250033525",0.158848,"other","ok"
"PI 594063","N514","PI594063:250033573",0.164662,"other","ok"
"PI 594064","N515","PI594064:250040768",0.144015,"other","ok"
"PI 594065","N516","PI594065:250031946",0.233817,"other","ok"
"PI 594066","N517","PI594066:250032577",0.161371,"other","ok"
"PI 594067","N518","PI594067:250031910",0.208236,"other","ok"
"PI 594068","N519","PI594068:250033554",0.170689,"other","ok"
"PI 594069","N520","PI594069:250041727",0.204761,"other","ok"
"PI 594070","N521","PI594070:250033578",0.191952,"other","ok"
"PI 594071","N523","PI594071:250031914",0.210451,"other","ok"
"PI 594072","N524","PI594072:250031957",0.158348,"other","ok"
"PI 594073","N525","PI594073:250033544",0.211941,"other","ok"
"PI 594074","N526","PI594074:250033569",0.174781,"other","ok"
"PI 594075","N528","PI594075:250031895",0.199947,"other","ok"
"PI 594076","N529","PI594076:250033586",0.155426,"other","ok"
"PI 594077","N530","PI594077:250031893",0.186642,"other","ok"
"PI 594078","N532","PI594078:250031940",0.185484,"other","ok"
"PI 594079","N533","PI594079:250032321",0.177512,"other","ok"
"PI 594080","N534","PI594080:250031961",0.168172,"other","ok"
"PI 594081","N535","PI594081:250032599",0.180677,"other","ok"
"PI 594082","N536","PI594082:250033540",0.169022,"other","ok"
"PI 594083","N537","PI594083:250033528",0.16212,"other","ok"
"PI 594084","N538","PI594084:250032837",0.158465,"other","ok"
"PI 594085","N539","PI594085:250032274",0.165367,"other","ok"
"PI 594086","N540","PI594086:250042568",0.165757,"other","ok"
"PI 594087","N541","PI594087:250031881",0.207516,"other","ok"
"PI 594088","N542","PI594088:250033432",0.195626,"other","ok"
"PI 594089","N543","PI594089:250031921",0.221507,"other","ok"
"PI 594090","N544","PI594090:250033545",0.195954,"other","ok"
"PI 594091","N545","PI594091:250031907",0.160599,"other","ok"
"PI 595366","N209","PI595366:250034822",0.161178,"other","ok"
"PI 595367","N215","PI595367:250034616",0.175219,"other","ok"
"PI 595569","CML 300","PI595569:250033480",0.149101,"other","ok"
"PI 595616","ZS01250","PI595616:250033618",0.164774,"other","ok"
"PI 596355","N216","PI596355:250032414",0.159734,"other","ok"
"PI 596356","N217","PI596356:250032396",0.0966533,"other","ok"
"PI 596357","N218","PI596357:250034671",0.0876459,"other","ok"
"PI 596499","OC12","PI596499:250031409",0.400819,"other","ok"
"PI 596500","OC13","PI596500:250031637",0.406696,"other","ok"
"PI 596501","OC14","PI596501:250031262",0.346159,"other","ok"
"PI 596502","OC15","PI596502:250031493",0.353522,"other","ok"
"PI 596503","OC16","PI596503:250034676",0.504125,"other","ok"
"PI 596505","OC18","PI596505:250031375",0.554672,"other","ok"
"PI 596627","Mp710","PI596627:250033155",0.26887,"other","ok"
"PI 596629","Mp712","PI596629:250033050",0.41279,"other","ok"
"PI 597578","N546","PI597578:250033591",0.212267,"other","ok"
"PI 597925","B107","PI597925:250031325",0.119342,"other","ok"
"PI 597926","B108","PI597926:250031033",0.374645,"other","ok"
"PI 597927","B109","PI597927:250030983",0.0610904,"other","ok"
"PI 600729","LP1 NR HT","PI600729:250031458",0.0818587,"other","ok"
"PI 600751","Seagull Seventeen","PI600751:250033671",0.0617359,"other","ok"
"PI 600772","FR19","PI600772:250034966",0.163988,"other","ok"
"PI 600791","LH38","PI600791:250033467",0.107398,"other","ok"
"PI 600944","LH39","PI600944:250032906",0.100385,"other","ok"
"PI 600954","LH119","PI600954:250033455",0.0324499,"other","ok"
"PI 600955","LH51","PI600955:250041704",0.0683403,"other","ok"
"PI 600956","MDF-13D","PI600956:250031548",0.149789,"other","ok"
"PI 600957","LH74","PI600957:250032450",0.0558087,"other","ok"
"PI 600958","FAPW","PI600958:250031412",0.0713145,"other","ok"
"PI 600959","LH145","PI600959:250032131",0.101446,"other","ok"
"PI 600981","PHG39","PI600981:250033863",0.0941751,"other","ok"
"PI 601004","LH132","PI601004:250033532",0.033707,"other","ok"
"PI 601005","207","PI601005:250041450",0.0945408,"other","ok"
"PI 601007","BO9","PI601007:250032260",0.099531,"other","ok"
"PI 601008","PHG35","PI601008:250041665",0.123316,"other","ok"
"PI 601009","PHB47","PI601009:250040770",0.0823378,"other","ok"
"PI 601026","F42","PI601026:250032197",0.0136848,"other","ok"
"PI 601037","G80","PI601037:250031660",0.131951,"other","ok"
"PI 601079","LH123HT","PI601079:250041700",0.112554,"other","ok"
"PI 601080","CR1HT","PI601080:250033851",0.116311,"other","ok"
"PI 601150","PHG71","PI601150:250032418",0.0966967,"other","ok"
"PI 601159","6103","PI601159:250031264",0.0745409,"other","ok"
"PI 601170","LH82","PI601170:250032540",0.113435,"other","ok"
"PI 601171","LH93","PI601171:250033705",0.232783,"other","ok"
"PI 601172","HBA1","PI601172:250035080",0.147132,"other","ok"
"PI 601190","Q381","PI601190:250032427",0.0956474,"other","ok"
"PI 601191","DJ7","PI601191:250031638",0.0232952,"other","ok"
"PI 601208","IB014","PI601208:250032429",0.106618,"other","ok"
"PI 601209","MBNA","PI601209:250031398",0.105734,"other","ok"
"PI 601210","78004","PI601210:250041607",0.0778956,"other","ok"
"PI 601211","78010","PI601211:250033651",0.0741646,"other","ok"
"PI 601229","PHG83","PI601229:250031564",0.128436,"other","ok"
"PI 601269","5707","PI601269:250033718",0.143669,"other","ok"
"PI 601270","PHG29","PI601270:250033857",0.105614,"other","ok"
"PI 601300","4676A","PI601300:250031885",0.173142,"other","ok"
"PI 601301","78002A","PI601301:250031364",0.070899,"other","ok"
"PI 601316","LH54","PI601316:250031658",0.0780525,"other","ok"
"PI 601317","LH57","PI601317:250033829",0.104528,"other","ok"
"PI 601318","PHG47","PI601318:250033667",0.118475,"other","ok"
"PI 601319","PHG72","PI601319:250032442",0.115937,"other","ok"
"PI 601320","PHG84","PI601320:250034941",0.124141,"other","ok"
"PI 601321","PHJ40","PI601321:250032397",0.114031,"other","ok"
"PI 601322","PHZ51","PI601322:250040790",0.102938,"other","ok"
"PI 601331","SX-6-3 (Tetraploid)","PI601331:250032035",0.36395,"other","ok"
"PI 601332","SX-6-7 (Tetraploid)","PI601332:250031898",0.326113,"other","ok"
"PI 601360","LH52","PI601360:250031440",0.0847831,"other","ok"
"PI 601361","PHR36","PI601361:250035224",0.160621,"other","ok"
"PI 601362","PHW17","PI601362:250031285",0.101993,"other","ok"
"PI 601374","764","PI601374:250032400",0.0915285,"other","ok"
"PI 601375","778","PI601375:250031906",0.138126,"other","ok"
"PI 601377","794","PI601377:250033866",0.0533539,"other","ok"
"PI 601378","LP5","PI601378:250031566",0.0857063,"other","ok"
"PI 601402","LH146Ht","PI601402:250031318",0.0845181,"other","ok"
"PI 601403","LH156","PI601403:250035235",0.186217,"other","ok"
"PI 601404","LH60","PI601404:250032892",0.121542,"other","ok"
"PI 601405","LH85","PI601405:250033731",0.170604,"other","ok"
"PI 601416","LH61","PI601416:250033654",0.10574,"other","ok"
"PI 601417","NS701","PI601417:250031507",0.0555808,"other","ok"
"PI 601430","807","PI601430:250032133",0.120427,"other","ok"
"PI 601438","78371A","PI601438:250033530",0.0949139,"other","ok"
"PI 601439","FBHJ","PI601439:250031195",0.158818,"other","ok"
"PI 601440","MBPM","PI601440:250033864",0.188657,"other","ok"
"PI 601441","PB80","PI601441:250031013",0.0432517,"other","ok"
"PI 601442","PHG86","PI601442:250034937",0.0639787,"other","ok"
"PI 601457","IB02","PI601457:250033610",0.107484,"other","ok"
"PI 601458","IBB15","PI601458:250031890",0.0970995,"other","ok"
"PI 601459","IBC2","PI601459:250032594",0.102823,"other","ok"
"PI 601466","LH59","PI601466:250041418",0.108963,"other","ok"
"PI 601467","PHK05","PI601467:250035253",0.198571,"other","ok"
"PI 601468","PHK29","PI601468:250034700",0.090106,"other","ok"
"PI 601469","PHR25","PI601469:250031184",0.148583,"other","ok"
"PI 601470","PHV78","PI601470:250041708",0.132847,"other","ok"
"PI 601489","740","PI601489:250033809",0.131319,"other","ok"
"PI 601490","787","PI601490:250032971",0.184064,"other","ok"
"PI 601491","790","PI601491:250033546",0.0786079,"other","ok"
"PI 601492","793","PI601492:250032460",0.0645892,"other","ok"
"PI 601493","LH149","PI601493:250035129",0.0546258,"other","ok"
"PI 601494","LH65","PI601494:250033535",0.0903954,"other","ok"
"PI 601495","PHK42","PI601495:250033811",0.114507,"other","ok"
"PI 601496","PHK76","PI601496:250031877",0.157678,"other","ok"
"PI 601497","PHN11","PI601497:250030994",0.106675,"other","ok"
"PI 601498","PHT55","PI601498:250033853",0.100074,"other","ok"
"PI 601499","PHT77","PI601499:250031159",0.133206,"other","ok"
"PI 601500","PHV63","PI601500:250031076",0.204856,"other","ok"
"PI 601501","PHW65","PI601501:250031271",0.170209,"other","ok"
"PI 601502","W8304","PI601502:250033565",0.0288429,"other","ok"
"PI 601558","11430","PI601558:250034836",0.0948906,"other","ok"
"PI 601559","2369","PI601559:250031915",0.323123,"other","ok"
"PI 601561","6M502","PI601561:250031396",0.176552,"other","ok"
"PI 601562","78551S","PI601562:250034800",0.103786,"other","ok"
"PI 601563","87916W","PI601563:250041577",0.0904961,"other","ok"
"PI 601564","HB8229","PI601564:250032383",0.173775,"other","ok"
"PI 601565","IBB14","PI601565:250031391",0.103707,"other","ok"
"PI 601566","MBST","PI601566:250031261",0.103658,"other","ok"
"PI 601569","PHN47","PI601569:250035106",0.167078,"other","ok"
"PI 601570","PHP02","PI601570:250032468",0.112504,"other","ok"
"PI 601572","PHR47","PI601572:250033785",0.137264,"other","ok"
"PI 601573","PHT10","PI601573:250040800",0.0587659,"other","ok"
"PI 601574","PHT60","PI601574:250035000",0.143121,"other","ok"
"PI 601575","PHW52","PI601575:250041680",0.0839648,"other","ok"
"PI 601576","PHW79","PI601576:250031247",0.133416,"other","ok"
"PI 601583","NS501","PI601583:250031392",0.114101,"other","ok"
"PI 601610","H8431","PI601610:250031302",0.136437,"other","ok"
"PI 601611","S8324","PI601611:250032552",0.0586143,"other","ok"
"PI 601612","S8326","PI601612:250031380",0.0822996,"other","ok"
"PI 601658","1538","PI601658:250041679",0.0964709,"other","ok"
"PI 601683","CR14","PI601683:250034690",0.0775215,"other","ok"
"PI 601684","WIL900","PI601684:250031672",0.111951,"other","ok"
"PI 601685","WIL901","PI601685:250031428",0.102071,"other","ok"
"PI 601686","WIL903","PI601686:250031450",0.113331,"other","ok"
"PI 601724","E8501","PI601724:250034748",0.146318,"other","ok"
"PI 601725","J8606","PI601725:250033600",0.125847,"other","ok"
"PI 601726","L 127","PI601726:250035191",0.110568,"other","ok"
"PI 601727","L 135","PI601727:250035259",0.0961222,"other","ok"
"PI 601728","L 139","PI601728:250035055",0.10244,"other","ok"
"PI 601729","W8555","PI601729:250033706",0.0689837,"other","ok"
"PI 601745","4N506","PI601745:250031639",0.122801,"other","ok"
"PI 601774","PHJ33","PI601774:250033402",0.151368,"other","ok"
"PI 601775","PHJ70","PI601775:250033835",0.0791813,"other","ok"
"PI 601776","PHJ75","PI601776:250032561",0.187786,"other","ok"
"PI 601777","PHK35","PI601777:250031875",0.0807373,"other","ok"
"PI 601778","PHM10","PI601778:250034821",0.0895899,"other","ok"
"PI 601779","PHM57","PI601779:250031439",0.217288,"other","ok"
"PI 601780","PHN29","PI601780:250031918",0.0924167,"other","ok"
"PI 601781","PHN37","PI601781:250031939",0.136849,"other","ok"
"PI 601782","PHN73","PI601782:250033466",0.108763,"other","ok"
"PI 601783","PHN82","PI601783:250031695",0.107002,"other","ok"
"PI 601784","PHP55","PI601784:250031952",0.0988728,"other","ok"
"PI 601786","PHR62","PI601786:250031411",0.107893,"other","ok"
"PI 601787","PHR63","PI601787:250040769",0.106077,"other","ok"
"PI 601788","PHT22","PI601788:250031142",0.113578,"other","ok"
"PI 601789","PHV37","PI601789:250033443",0.122072,"other","ok"
"PI 601790","PHW03","PI601790:250031894",0.202825,"other","ok"
"PI 601791","PHW20","PI601791:250034985",0.198815,"other","ok"
"PI 601792","PHW43","PI601792:250035083",0.112712,"other","ok"
"PI 601808","2FACC","PI601808:250031936",0.111679,"other","ok"
"PI 603939","B42","PI603939:250031253",0.165044,"other","ok"
"PI 604605","N522","PI604605:250032404",0.178483,"other","ok"
"PI 604606","N527","PI604606:250031904",0.181343,"other","ok"
"PI 606329","DE1","PI606329:250031148",0.136469,"other","ok"
"PI 606330","DE2","PI606330:250035081",0.166169,"other","ok"
"PI 606769","SD41","PI606769:250040776",0.117905,"other","ok"
"PI 607512","N7A","PI607512:250034717",0.136559,"other","ok"
"PI 607519","ND240","PI607519:250032151",0.234077,"other","ok"
"PI 607521","A661","PI607521:250032141",0.19605,"other","ok"
"PI 607522","A662","PI607522:250032142",0.215785,"other","ok"
"PI 607523","A663","PI607523:250032539",0.340515,"other","ok"
"PI 607524","A664","PI607524:250032195",0.118285,"other","ok"
"PI 607525","A665","PI607525:250035196",0.102079,"other","ok"
"PI 607527","ND300","PI607527:250032264",0.237097,"other","ok"
"PI 608764","B55","PI608764:250034944",0.142053,"other","ok"
"PI 608765","B77","PI608765:250033664",0.256039,"other","ok"
"PI 608766","B79","PI608766:250031646",0.190116,"other","ok"
"PI 608767","B84","PI608767:250035071",0.129027,"other","ok"
"PI 608768","B87","PI608768:250034848",0.174859,"other","ok"
"PI 608774","B75","PI608774:250033616",0.17637,"other","ok"
"PI 608777","B85","PI608777:250031255",0.226055,"other","ok"
"PI 608778","B86","PI608778:250031031",0.161115,"other","ok"
"PI 610493","NY5526","PI610493:250034870",0.229205,"other","ok"
"PI 610494","NY6371","PI610494:250033842",0.206883,"other","ok"
"PI 619430","Tx807","PI619430:250033440",0.229832,"other","ok"
"PI 631393","ND291","PI631393:250032313",0.230181,"other","ok"
"PI 631394","ND2000","PI631394:250032272",0.286368,"other","ok"
"PI 631444","T270","PI631444:250031043",0.299158,"other","ok"
"PI 633839","Tx114","PI633839:250041587",0.177697,"other","ok"
"PI 633840","Tx714","PI633840:250032201",0.0456916,"other","ok"
"PI 633924","T272","PI633924:250032916",0.171437,"other","ok"
"PI 634206","Mo48","PI634206:250034710",0.250992,"other","ok"
"PI 634207","Mo49","PI634207:250031551",0.280258,"other","ok"
"PI 638549","N551","PI638549:250033574",0.113813,"other","ok"
"PI 638550","N552","PI638550:250032446",0.269071,"other","ok"
"PI 638551","DE3","PI638551:250031150",0.154584,"other","ok"
"PI 638594","T175","PI638594:250032974",0.124913,"other","ok"
"PI 639111","Oh605","PI639111:250041705",0.185497,"other","ok"
"PI 639931","TZSTRI107","PI639931:250033474",0.138612,"other","ok"
"PI 639936","TZSTRI112","PI639936:250040771",0.21582,"other","ok"
"PI 639937","TZSTRI113","PI639937:250033312",0.212253,"other","ok"
"PI 639938","TZSTRI114","PI639938:250032189",0.232074,"other","ok"
"PI 641070","TZEI 10","PI641070:250032048",0.315601,"other","ok"
"PI 641071","TZEI 11","PI641071:250032088",0.190635,"other","ok"
"PI 641072","TZEI 12","PI641072:250031941",0.215431,"other","ok"
"PI 641226","Hi44","PI641226:250032967",0.164724,"other","ok"
"PI 641229","Hi47","PI641229:250031189",0.106141,"other","ok"
"PI 641238","Hi56","PI641238:250033068",0.385975,"other","ok"
"PI 641242","Hi60","PI641242:250031404",0.0760609,"other","ok"
"PI 641243","Hi61","PI641243:250033185",0.210296,"other","ok"
"PI 641249","Hi67","PI641249:250033456",0.186732,"other","ok"
"PI 641253","TZEEI 3","PI641253:250032066",0.370739,"other","ok"
"PI 641254","TZEEI 4","PI641254:250032068",0.314273,"other","ok"
"PI 641256","TZEEI 6","PI641256:250031931",0.502606,"other","ok"
"PI 644101","LH1","PI644101:250031192",0.115933,"other","ok"
"PI 648423","58611 Inbred A632","PI648423:250033433",0.356234,"other","ok"
"PI 648424","58609 A632 (Meth) Bc5S4","PI648424:250033551",0.0917468,"other","ok"
"PI 648425","58610 A632 (Meth) Bc5S4","PI648425:250031948",0.0869209,"other","ok"
"PI 648426","58612 Inbred B73","PI648426:250031668",0.026739,"other","ok"
"PI 648427","58613 B73 (Meth) Bc5S4","PI648427:250031390",0.0235676,"other","ok"
"PI 648428","58614 B73 (Meth) Bc5S4","PI648428:250033674",0.0226285,"other","ok"
"PI 648429","58615 B73 (Meth) Bc5S4","PI648429:250033862",0.0336699,"other","ok"
"PI 648430","58801 Inbred Mo17","PI648430:250031683",0.0576816,"other","ok"
"PI 648432","58803 Mo17 (Meth) BcS3","PI648432:250034694",0.0623008,"other","ok"
"PI 654048","TZAR101","PI654048:250032002",0.182845,"other","ok"
